1783604040	203.165.31.152	google.com	208
1783604040	203.165.31.152	cloudflare.com	213
1783604040	203.165.31.152	github.com	181
1783604040	203.165.31.152	amazon.co.jp	197
1783604040	203.165.31.152	yahoo.co.jp	219
1783604040	203.165.31.152	apple.com	200
1783604040	203.165.31.152	microsoft.com	160
1783604040	203.165.31.152	line.me	164
1783604040	203.165.31.152	203-165-31-152.rev.home.ne.jp	181
1783604040	122.197.254.136	google.com	262
1783604040	122.197.254.136	cloudflare.com	213
1783604040	122.197.254.136	github.com	264
1783604040	122.197.254.136	amazon.co.jp	202
1783604040	122.197.254.136	yahoo.co.jp	247
1783604040	122.197.254.136	apple.com	216
1783604040	122.197.254.136	microsoft.com	268
1783604040	122.197.254.136	line.me	222
1783604040	122.197.254.136	203-165-31-152.rev.home.ne.jp	252
1783604100	203.165.31.152	google.com	243
1783604100	203.165.31.152	cloudflare.com	203
1783604100	203.165.31.152	github.com	177
1783604100	203.165.31.152	amazon.co.jp	207
1783604100	203.165.31.152	yahoo.co.jp	175
1783604100	203.165.31.152	apple.com	191
1783604100	203.165.31.152	microsoft.com	210
1783604100	203.165.31.152	line.me	248
1783604100	203.165.31.152	203-165-31-152.rev.home.ne.jp	203
1783604100	122.197.254.136	google.com	256
1783604100	122.197.254.136	cloudflare.com	232
1783604100	122.197.254.136	github.com	264
1783604100	122.197.254.136	amazon.co.jp	243
1783604100	122.197.254.136	yahoo.co.jp	217
1783604100	122.197.254.136	apple.com	271
1783604100	122.197.254.136	microsoft.com	247
1783604100	122.197.254.136	line.me	286
1783604100	122.197.254.136	203-165-31-152.rev.home.ne.jp	264
1783604160	203.165.31.152	google.com	191
1783604160	203.165.31.152	cloudflare.com	194
1783604160	203.165.31.152	github.com	204
1783604160	203.165.31.152	amazon.co.jp	188
1783604160	203.165.31.152	yahoo.co.jp	178
1783604160	203.165.31.152	apple.com	248
1783604160	203.165.31.152	microsoft.com	226
1783604160	203.165.31.152	line.me	181
1783604160	203.165.31.152	203-165-31-152.rev.home.ne.jp	201
1783604160	122.197.254.136	google.com	220
1783604160	122.197.254.136	cloudflare.com	263
1783604160	122.197.254.136	github.com	231
1783604160	122.197.254.136	amazon.co.jp	249
1783604160	122.197.254.136	yahoo.co.jp	272
1783604160	122.197.254.136	apple.com	289
1783604160	122.197.254.136	microsoft.com	266
1783604160	122.197.254.136	line.me	236
1783604160	122.197.254.136	203-165-31-152.rev.home.ne.jp	243
1783604220	203.165.31.152	google.com	198
1783604220	203.165.31.152	cloudflare.com	194
1783604220	203.165.31.152	github.com	231
1783604220	203.165.31.152	amazon.co.jp	215
1783604220	203.165.31.152	yahoo.co.jp	249
1783604220	203.165.31.152	apple.com	254
1783604220	203.165.31.152	microsoft.com	256
1783604220	203.165.31.152	line.me	234
1783604220	203.165.31.152	203-165-31-152.rev.home.ne.jp	216
1783604220	122.197.254.136	google.com	264
1783604220	122.197.254.136	cloudflare.com	284
1783604220	122.197.254.136	github.com	238
1783604220	122.197.254.136	amazon.co.jp	285
1783604220	122.197.254.136	yahoo.co.jp	275
1783604220	122.197.254.136	apple.com	272
1783604220	122.197.254.136	microsoft.com	295
1783604220	122.197.254.136	line.me	300
1783604220	122.197.254.136	203-165-31-152.rev.home.ne.jp	292
1783604280	203.165.31.152	google.com	190
1783604280	203.165.31.152	cloudflare.com	247
1783604280	203.165.31.152	github.com	226
1783604280	203.165.31.152	amazon.co.jp	210
1783604280	203.165.31.152	yahoo.co.jp	212
1783604280	203.165.31.152	apple.com	246
1783604280	203.165.31.152	microsoft.com	204
1783604280	203.165.31.152	line.me	224
1783604280	203.165.31.152	203-165-31-152.rev.home.ne.jp	223
1783604280	122.197.254.136	google.com	240
1783604280	122.197.254.136	cloudflare.com	271
1783604280	122.197.254.136	github.com		server_fail
1783604280	122.197.254.136	amazon.co.jp	240
1783604280	122.197.254.136	yahoo.co.jp	298
1783604280	122.197.254.136	apple.com	236
1783604280	122.197.254.136	microsoft.com	258
1783604280	122.197.254.136	line.me	274
1783604280	122.197.254.136	203-165-31-152.rev.home.ne.jp	289
1783604340	203.165.31.152	google.com	232
1783604340	203.165.31.152	cloudflare.com	203
1783604340	203.165.31.152	github.com	193
1783604340	203.165.31.152	amazon.co.jp	242
1783604340	203.165.31.152	yahoo.co.jp	190
1783604340	203.165.31.152	apple.com	211
1783604340	203.165.31.152	microsoft.com	205
1783604340	203.165.31.152	line.me	210
1783604340	203.165.31.152	203-165-31-152.rev.home.ne.jp	263
1783604340	122.197.254.136	google.com	293
1783604340	122.197.254.136	cloudflare.com	289
1783604340	122.197.254.136	github.com	273
1783604340	122.197.254.136	amazon.co.jp	307
1783604340	122.197.254.136	yahoo.co.jp	279
1783604340	122.197.254.136	apple.com	259
1783604340	122.197.254.136	microsoft.com	299
1783604340	122.197.254.136	line.me	271
1783604340	122.197.254.136	203-165-31-152.rev.home.ne.jp	298
1783604400	203.165.31.152	google.com	209
1783604400	203.165.31.152	cloudflare.com	208
1783604400	203.165.31.152	github.com	246
1783604400	203.165.31.152	amazon.co.jp	254
1783604400	203.165.31.152	yahoo.co.jp	224
1783604400	203.165.31.152	apple.com	258
1783604400	203.165.31.152	microsoft.com	222
1783604400	203.165.31.152	line.me	228
1783604400	203.165.31.152	203-165-31-152.rev.home.ne.jp	194
1783604400	122.197.254.136	google.com	293
1783604400	122.197.254.136	cloudflare.com	233
1783604400	122.197.254.136	github.com	283
1783604400	122.197.254.136	amazon.co.jp	277
1783604400	122.197.254.136	yahoo.co.jp	254
1783604400	122.197.254.136	apple.com	246
1783604400	122.197.254.136	microsoft.com	247
1783604400	122.197.254.136	line.me	266
1783604400	122.197.254.136	203-165-31-152.rev.home.ne.jp	289
1783604460	203.165.31.152	google.com	190
1783604460	203.165.31.152	cloudflare.com	208
1783604460	203.165.31.152	github.com	260
1783604460	203.165.31.152	amazon.co.jp	208
1783604460	203.165.31.152	yahoo.co.jp	239
1783604460	203.165.31.152	apple.com	197
1783604460	203.165.31.152	microsoft.com	192
1783604460	203.165.31.152	line.me	215
1783604460	203.165.31.152	203-165-31-152.rev.home.ne.jp	220
1783604460	122.197.254.136	google.com	232
1783604460	122.197.254.136	cloudflare.com	237
1783604460	122.197.254.136	github.com	231
1783604460	122.197.254.136	amazon.co.jp	265
1783604460	122.197.254.136	yahoo.co.jp	262
1783604460	122.197.254.136	apple.com	297
1783604460	122.197.254.136	microsoft.com	224
1783604460	122.197.254.136	line.me	281
1783604460	122.197.254.136	203-165-31-152.rev.home.ne.jp	257
1783604520	203.165.31.152	google.com	70000	job_timeout
1783604520	203.165.31.152	cloudflare.com	70000	job_timeout
1783604520	203.165.31.152	github.com	36000	dns_timeout
1783604520	203.165.31.152	amazon.co.jp	36000	dns_timeout
1783604520	203.165.31.152	yahoo.co.jp	70000	job_timeout
1783604520	203.165.31.152	apple.com	18000	dns_timeout
1783604520	203.165.31.152	microsoft.com	36000	dns_timeout
1783604520	203.165.31.152	line.me	36000	dns_timeout
1783604520	203.165.31.152	203-165-31-152.rev.home.ne.jp	27000	dns_timeout
1783604520	122.197.254.136	google.com	233
1783604520	122.197.254.136	cloudflare.com	218
1783604520	122.197.254.136	github.com	45000	dns_timeout
1783604520	122.197.254.136	amazon.co.jp	251
1783604520	122.197.254.136	yahoo.co.jp	45000	dns_timeout
1783604520	122.197.254.136	apple.com	27000	dns_timeout
1783604520	122.197.254.136	microsoft.com	70000	job_timeout
1783604520	122.197.254.136	line.me	36000	dns_timeout
1783604520	122.197.254.136	203-165-31-152.rev.home.ne.jp	248
1783604580	203.165.31.152	google.com	70000	job_timeout
1783604580	203.165.31.152	cloudflare.com	36000	dns_timeout
1783604580	203.165.31.152	github.com	9000	dns_timeout
1783604580	203.165.31.152	amazon.co.jp	45000	dns_timeout
1783604580	203.165.31.152	yahoo.co.jp	54000	dns_timeout
1783604580	203.165.31.152	apple.com	70000	job_timeout
1783604580	203.165.31.152	microsoft.com	70000	job_timeout
1783604580	203.165.31.152	line.me	70000	job_timeout
1783604580	203.165.31.152	203-165-31-152.rev.home.ne.jp	70000	job_timeout
1783604580	122.197.254.136	google.com	258
1783604580	122.197.254.136	cloudflare.com	240
1783604580	122.197.254.136	github.com	216
1783604580	122.197.254.136	amazon.co.jp	45000	dns_timeout
1783604580	122.197.254.136	yahoo.co.jp	254
1783604580	122.197.254.136	apple.com	70000	job_timeout
1783604580	122.197.254.136	microsoft.com	224
1783604580	122.197.254.136	line.me	234
1783604580	122.197.254.136	203-165-31-152.rev.home.ne.jp	241
1783604640	203.165.31.152	google.com	9000	dns_timeout
1783604640	203.165.31.152	cloudflare.com	36000	dns_timeout
1783604640	203.165.31.152	github.com	27000	dns_timeout
1783604640	203.165.31.152	amazon.co.jp	63000	dns_timeout
1783604640	203.165.31.152	yahoo.co.jp	45000	dns_timeout
1783604640	203.165.31.152	apple.com	70000	job_timeout
1783604640	203.165.31.152	microsoft.com	9000	dns_timeout
1783604640	203.165.31.152	line.me	63000	dns_timeout
1783604640	203.165.31.152	203-165-31-152.rev.home.ne.jp	36000	dns_timeout
1783604640	122.197.254.136	google.com	9057	dns_timeout
1783604640	122.197.254.136	cloudflare.com	18000	dns_timeout
1783604640	122.197.254.136	github.com	45000	dns_timeout
1783604640	122.197.254.136	amazon.co.jp	262
1783604640	122.197.254.136	yahoo.co.jp	226
1783604640	122.197.254.136	apple.com	250
1783604640	122.197.254.136	microsoft.com	269
1783604640	122.197.254.136	line.me	247
1783604640	122.197.254.136	203-165-31-152.rev.home.ne.jp	221
1783604700	203.165.31.152	google.com	162
1783604700	203.165.31.152	cloudflare.com	222
1783604700	203.165.31.152	github.com	145
1783604700	203.165.31.152	amazon.co.jp	223
1783604700	203.165.31.152	yahoo.co.jp	161
1783604700	203.165.31.152	apple.com	184
1783604700	203.165.31.152	microsoft.com	167
1783604700	203.165.31.152	line.me	169
1783604700	203.165.31.152	203-165-31-152.rev.home.ne.jp	179
1783604700	122.197.254.136	google.com	255
1783604700	122.197.254.136	cloudflare.com	255
1783604700	122.197.254.136	github.com	219
1783604700	122.197.254.136	amazon.co.jp	231
1783604700	122.197.254.136	yahoo.co.jp		server_fail
1783604700	122.197.254.136	apple.com	240
1783604700	122.197.254.136	microsoft.com	185
1783604700	122.197.254.136	line.me	206
1783604700	122.197.254.136	203-165-31-152.rev.home.ne.jp	239
1783604760	203.165.31.152	google.com	154
1783604760	203.165.31.152	cloudflare.com	164
1783604760	203.165.31.152	github.com	174
1783604760	203.165.31.152	amazon.co.jp	152
1783604760	203.165.31.152	yahoo.co.jp	205
1783604760	203.165.31.152	apple.com	150
1783604760	203.165.31.152	microsoft.com	197
1783604760	203.165.31.152	line.me	167
1783604760	203.165.31.152	203-165-31-152.rev.home.ne.jp	182
1783604760	122.197.254.136	google.com	245
1783604760	122.197.254.136	cloudflare.com	218
1783604760	122.197.254.136	github.com	219
1783604760	122.197.254.136	amazon.co.jp	249
1783604760	122.197.254.136	yahoo.co.jp	195
1783604760	122.197.254.136	apple.com	233
1783604760	122.197.254.136	microsoft.com	202
1783604760	122.197.254.136	line.me	228
1783604760	122.197.254.136	203-165-31-152.rev.home.ne.jp	196
1783604820	203.165.31.152	google.com	173
1783604820	203.165.31.152	cloudflare.com	164
1783604820	203.165.31.152	github.com	166
1783604820	203.165.31.152	amazon.co.jp	135
1783604820	203.165.31.152	yahoo.co.jp	193
1783604820	203.165.31.152	apple.com	162
1783604820	203.165.31.152	microsoft.com	167
1783604820	203.165.31.152	line.me	155
1783604820	203.165.31.152	203-165-31-152.rev.home.ne.jp	141
1783604820	122.197.254.136	google.com	181
1783604820	122.197.254.136	cloudflare.com	232
1783604820	122.197.254.136	github.com	221
1783604820	122.197.254.136	amazon.co.jp	239
1783604820	122.197.254.136	yahoo.co.jp	208
1783604820	122.197.254.136	apple.com	203
1783604820	122.197.254.136	microsoft.com	210
1783604820	122.197.254.136	line.me	248
1783604820	122.197.254.136	203-165-31-152.rev.home.ne.jp	181
1783604880	203.165.31.152	google.com	193
1783604880	203.165.31.152	cloudflare.com	200
1783604880	203.165.31.152	github.com	170
1783604880	203.165.31.152	amazon.co.jp	130
1783604880	203.165.31.152	yahoo.co.jp	204
1783604880	203.165.31.152	apple.com	130
1783604880	203.165.31.152	microsoft.com	180
1783604880	203.165.31.152	line.me	185
1783604880	203.165.31.152	203-165-31-152.rev.home.ne.jp	197
1783604880	122.197.254.136	google.com	199
1783604880	122.197.254.136	cloudflare.com	242
1783604880	122.197.254.136	github.com	186
1783604880	122.197.254.136	amazon.co.jp	173
1783604880	122.197.254.136	yahoo.co.jp	246
1783604880	122.197.254.136	apple.com	181
1783604880	122.197.254.136	microsoft.com	175
1783604880	122.197.254.136	line.me	218
1783604880	122.197.254.136	203-165-31-152.rev.home.ne.jp	175
1783604940	203.165.31.152	google.com	180
1783604940	203.165.31.152	cloudflare.com	148
1783604940	203.165.31.152	github.com	206
1783604940	203.165.31.152	amazon.co.jp	179
1783604940	203.165.31.152	yahoo.co.jp	165
1783604940	203.165.31.152	apple.com	165
1783604940	203.165.31.152	microsoft.com	180
1783604940	203.165.31.152	line.me	201
1783604940	203.165.31.152	203-165-31-152.rev.home.ne.jp	193
1783604940	122.197.254.136	google.com	223
1783604940	122.197.254.136	cloudflare.com	249
1783604940	122.197.254.136	github.com	244
1783604940	122.197.254.136	amazon.co.jp	210
1783604940	122.197.254.136	yahoo.co.jp	210
1783604940	122.197.254.136	apple.com	228
1783604940	122.197.254.136	microsoft.com	175
1783604940	122.197.254.136	line.me	207
1783604940	122.197.254.136	203-165-31-152.rev.home.ne.jp	200
1783605000	203.165.31.152	google.com	137
1783605000	203.165.31.152	cloudflare.com	155
1783605000	203.165.31.152	github.com	142
1783605000	203.165.31.152	amazon.co.jp	171
1783605000	203.165.31.152	yahoo.co.jp	182
1783605000	203.165.31.152	apple.com	204
1783605000	203.165.31.152	microsoft.com	173
1783605000	203.165.31.152	line.me	213
1783605000	203.165.31.152	203-165-31-152.rev.home.ne.jp	167
1783605000	122.197.254.136	google.com	203
1783605000	122.197.254.136	cloudflare.com	238
1783605000	122.197.254.136	github.com	244
1783605000	122.197.254.136	amazon.co.jp	215
1783605000	122.197.254.136	yahoo.co.jp	195
1783605000	122.197.254.136	apple.com	176
1783605000	122.197.254.136	microsoft.com	188
1783605000	122.197.254.136	line.me	205
1783605000	122.197.254.136	203-165-31-152.rev.home.ne.jp	232
1783605060	203.165.31.152	google.com	163
1783605060	203.165.31.152	cloudflare.com	162
1783605060	203.165.31.152	github.com	202
1783605060	203.165.31.152	amazon.co.jp	162
1783605060	203.165.31.152	yahoo.co.jp	163
1783605060	203.165.31.152	apple.com	192
1783605060	203.165.31.152	microsoft.com	215
1783605060	203.165.31.152	line.me	207
1783605060	203.165.31.152	203-165-31-152.rev.home.ne.jp	199
1783605060	122.197.254.136	google.com	191
1783605060	122.197.254.136	cloudflare.com	227
1783605060	122.197.254.136	github.com	211
1783605060	122.197.254.136	amazon.co.jp	205
1783605060	122.197.254.136	yahoo.co.jp	227
1783605060	122.197.254.136	apple.com	188
1783605060	122.197.254.136	microsoft.com	205
1783605060	122.197.254.136	line.me	201
1783605060	122.197.254.136	203-165-31-152.rev.home.ne.jp	200
1783605120	203.165.31.152	google.com	54000	dns_timeout
1783605120	203.165.31.152	cloudflare.com	45000	dns_timeout
1783605120	203.165.31.152	github.com	36000	dns_timeout
1783605120	203.165.31.152	amazon.co.jp	4431	no_response
1783605120	203.165.31.152	yahoo.co.jp	27000	dns_timeout
1783605120	203.165.31.152	apple.com	70000	job_timeout
1783605120	203.165.31.152	microsoft.com	36000	dns_timeout
1783605120	203.165.31.152	line.me	18000	dns_timeout
1783605120	203.165.31.152	203-165-31-152.rev.home.ne.jp	70000	job_timeout
1783605120	122.197.254.136	google.com	70000	job_timeout
1783605120	122.197.254.136	cloudflare.com	18000	dns_timeout
1783605120	122.197.254.136	github.com	9000	dns_timeout
1783605120	122.197.254.136	amazon.co.jp	4200	no_response
1783605120	122.197.254.136	yahoo.co.jp	70000	job_timeout
1783605120	122.197.254.136	apple.com	3089	no_response
1783605120	122.197.254.136	microsoft.com	36000	dns_timeout
1783605120	122.197.254.136	line.me	4906	no_response
1783605120	122.197.254.136	203-165-31-152.rev.home.ne.jp	2727	no_response
1783605180	203.165.31.152	google.com	27000	dns_timeout
1783605180	203.165.31.152	cloudflare.com	4282	no_response
1783605180	203.165.31.152	github.com	4981	no_response
1783605180	203.165.31.152	amazon.co.jp	3802	no_response
1783605180	203.165.31.152	yahoo.co.jp	36000	dns_timeout
1783605180	203.165.31.152	apple.com	54000	dns_timeout
1783605180	203.165.31.152	microsoft.com	54000	dns_timeout
1783605180	203.165.31.152	line.me	70000	job_timeout
1783605180	203.165.31.152	203-165-31-152.rev.home.ne.jp	70000	job_timeout
1783605180	122.197.254.136	google.com	27000	dns_timeout
1783605180	122.197.254.136	cloudflare.com	4105	no_response
1783605180	122.197.254.136	github.com	4086	no_response
1783605180	122.197.254.136	amazon.co.jp	18000	dns_timeout
1783605180	122.197.254.136	yahoo.co.jp	2473	no_response
1783605180	122.197.254.136	apple.com	3011	no_response
1783605180	122.197.254.136	microsoft.com	4145	no_response
1783605180	122.197.254.136	line.me	70000	job_timeout
1783605180	122.197.254.136	203-165-31-152.rev.home.ne.jp	2191	no_response
1783605240	203.165.31.152	google.com	174
1783605240	203.165.31.152	cloudflare.com	181
1783605240	203.165.31.152	github.com	187
1783605240	203.165.31.152	amazon.co.jp	186
1783605240	203.165.31.152	yahoo.co.jp	242
1783605240	203.165.31.152	apple.com	197
1783605240	203.165.31.152	microsoft.com	192
1783605240	203.165.31.152	line.me	209
1783605240	203.165.31.152	203-165-31-152.rev.home.ne.jp	176
1783605240	122.197.254.136	google.com	263
1783605240	122.197.254.136	cloudflare.com	254
1783605240	122.197.254.136	github.com	229
1783605240	122.197.254.136	amazon.co.jp	243
1783605240	122.197.254.136	yahoo.co.jp	246
1783605240	122.197.254.136	apple.com	270
1783605240	122.197.254.136	microsoft.com	233
1783605240	122.197.254.136	line.me	284
1783605240	122.197.254.136	203-165-31-152.rev.home.ne.jp	244
1783605300	203.165.31.152	google.com	252
1783605300	203.165.31.152	cloudflare.com	244
1783605300	203.165.31.152	github.com	206
1783605300	203.165.31.152	amazon.co.jp	199
1783605300	203.165.31.152	yahoo.co.jp	208
1783605300	203.165.31.152	apple.com	218
1783605300	203.165.31.152	microsoft.com	208
1783605300	203.165.31.152	line.me	241
1783605300	203.165.31.152	203-165-31-152.rev.home.ne.jp	244
1783605300	122.197.254.136	google.com	226
1783605300	122.197.254.136	cloudflare.com	233
1783605300	122.197.254.136	github.com	263
1783605300	122.197.254.136	amazon.co.jp	264
1783605300	122.197.254.136	yahoo.co.jp	268
1783605300	122.197.254.136	apple.com	274
1783605300	122.197.254.136	microsoft.com	280
1783605300	122.197.254.136	line.me	233
1783605300	122.197.254.136	203-165-31-152.rev.home.ne.jp	291
1783605360	203.165.31.152	google.com	229
1783605360	203.165.31.152	cloudflare.com	255
1783605360	203.165.31.152	github.com	265
1783605360	203.165.31.152	amazon.co.jp	186
1783605360	203.165.31.152	yahoo.co.jp	204
1783605360	203.165.31.152	apple.com	220
1783605360	203.165.31.152	microsoft.com	254
1783605360	203.165.31.152	line.me	260
1783605360	203.165.31.152	203-165-31-152.rev.home.ne.jp	212
1783605360	122.197.254.136	google.com	284
1783605360	122.197.254.136	cloudflare.com	240
1783605360	122.197.254.136	github.com	243
1783605360	122.197.254.136	amazon.co.jp	274
1783605360	122.197.254.136	yahoo.co.jp	285
1783605360	122.197.254.136	apple.com	230
1783605360	122.197.254.136	microsoft.com	231
1783605360	122.197.254.136	line.me	249
1783605360	122.197.254.136	203-165-31-152.rev.home.ne.jp	233
1783605420	203.165.31.152	google.com	227
1783605420	203.165.31.152	cloudflare.com	195
1783605420	203.165.31.152	github.com	195
1783605420	203.165.31.152	amazon.co.jp	191
1783605420	203.165.31.152	yahoo.co.jp	246
1783605420	203.165.31.152	apple.com	221
1783605420	203.165.31.152	microsoft.com	202
1783605420	203.165.31.152	line.me	221
1783605420	203.165.31.152	203-165-31-152.rev.home.ne.jp	266
1783605420	122.197.254.136	google.com	265
1783605420	122.197.254.136	cloudflare.com	237
1783605420	122.197.254.136	github.com	243
1783605420	122.197.254.136	amazon.co.jp	277
1783605420	122.197.254.136	yahoo.co.jp	284
1783605420	122.197.254.136	apple.com	282
1783605420	122.197.254.136	microsoft.com	304
1783605420	122.197.254.136	line.me	257
1783605420	122.197.254.136	203-165-31-152.rev.home.ne.jp	258
1783605480	203.165.31.152	google.com	250
1783605480	203.165.31.152	cloudflare.com	201
1783605480	203.165.31.152	github.com	230
1783605480	203.165.31.152	amazon.co.jp	248
1783605480	203.165.31.152	yahoo.co.jp	241
1783605480	203.165.31.152	apple.com	202
1783605480	203.165.31.152	microsoft.com	229
1783605480	203.165.31.152	line.me	234
1783605480	203.165.31.152	203-165-31-152.rev.home.ne.jp	201
1783605480	122.197.254.136	google.com	274
1783605480	122.197.254.136	cloudflare.com	242
1783605480	122.197.254.136	github.com	236
1783605480	122.197.254.136	amazon.co.jp	240
1783605480	122.197.254.136	yahoo.co.jp	271
1783605480	122.197.254.136	apple.com	265
1783605480	122.197.254.136	microsoft.com	252
1783605480	122.197.254.136	line.me	239
1783605480	122.197.254.136	203-165-31-152.rev.home.ne.jp	242
1783605540	203.165.31.152	google.com	228
1783605540	203.165.31.152	cloudflare.com	218
1783605540	203.165.31.152	github.com	221
1783605540	203.165.31.152	amazon.co.jp	195
1783605540	203.165.31.152	yahoo.co.jp	246
1783605540	203.165.31.152	apple.com	210
1783605540	203.165.31.152	microsoft.com	200
1783605540	203.165.31.152	line.me	189
1783605540	203.165.31.152	203-165-31-152.rev.home.ne.jp	229
1783605540	122.197.254.136	google.com	290
1783605540	122.197.254.136	cloudflare.com	240
1783605540	122.197.254.136	github.com	242
1783605540	122.197.254.136	amazon.co.jp	233
1783605540	122.197.254.136	yahoo.co.jp	241
1783605540	122.197.254.136	apple.com	303
1783605540	122.197.254.136	microsoft.com	284
1783605540	122.197.254.136	line.me	268
1783605540	122.197.254.136	203-165-31-152.rev.home.ne.jp	297
1783605600	203.165.31.152	google.com	243
1783605600	203.165.31.152	cloudflare.com	186
1783605600	203.165.31.152	github.com	235
1783605600	203.165.31.152	amazon.co.jp	193
1783605600	203.165.31.152	yahoo.co.jp	246
1783605600	203.165.31.152	apple.com	235
1783605600	203.165.31.152	microsoft.com	190
1783605600	203.165.31.152	line.me	236
1783605600	203.165.31.152	203-165-31-152.rev.home.ne.jp	205
1783605600	122.197.254.136	google.com	227
1783605600	122.197.254.136	cloudflare.com	281
1783605600	122.197.254.136	github.com		server_fail
1783605600	122.197.254.136	amazon.co.jp	278
1783605600	122.197.254.136	yahoo.co.jp		server_fail
1783605600	122.197.254.136	apple.com	291
1783605600	122.197.254.136	microsoft.com	225
1783605600	122.197.254.136	line.me	232
1783605600	122.197.254.136	203-165-31-152.rev.home.ne.jp	246
1783605660	203.165.31.152	google.com	243
1783605660	203.165.31.152	cloudflare.com	199
1783605660	203.165.31.152	github.com	246
1783605660	203.165.31.152	amazon.co.jp	186
1783605660	203.165.31.152	yahoo.co.jp	229
1783605660	203.165.31.152	apple.com	243
1783605660	203.165.31.152	microsoft.com	195
1783605660	203.165.31.152	line.me	249
1783605660	203.165.31.152	203-165-31-152.rev.home.ne.jp	221
1783605660	122.197.254.136	google.com	223
1783605660	122.197.254.136	cloudflare.com	263
1783605660	122.197.254.136	github.com	218
1783605660	122.197.254.136	amazon.co.jp	239
1783605660	122.197.254.136	yahoo.co.jp	263
1783605660	122.197.254.136	apple.com	286
1783605660	122.197.254.136	microsoft.com	231
1783605660	122.197.254.136	line.me	256
1783605660	122.197.254.136	203-165-31-152.rev.home.ne.jp	265
1783605720	203.165.31.152	google.com	211
1783605720	203.165.31.152	cloudflare.com	212
1783605720	203.165.31.152	github.com	165
1783605720	203.165.31.152	amazon.co.jp	180
1783605720	203.165.31.152	yahoo.co.jp	215
1783605720	203.165.31.152	apple.com	167
1783605720	203.165.31.152	microsoft.com	172
1783605720	203.165.31.152	line.me	216
1783605720	203.165.31.152	203-165-31-152.rev.home.ne.jp	195
1783605720	122.197.254.136	google.com	266
1783605720	122.197.254.136	cloudflare.com	260
1783605720	122.197.254.136	github.com	273
1783605720	122.197.254.136	amazon.co.jp	262
1783605720	122.197.254.136	yahoo.co.jp	248
1783605720	122.197.254.136	apple.com	253
1783605720	122.197.254.136	microsoft.com	246
1783605720	122.197.254.136	line.me	207
1783605720	122.197.254.136	203-165-31-152.rev.home.ne.jp	209
1783605780	203.165.31.152	google.com	218
1783605780	203.165.31.152	cloudflare.com	211
1783605780	203.165.31.152	github.com	156
1783605780	203.165.31.152	amazon.co.jp	209
1783605780	203.165.31.152	yahoo.co.jp	216
1783605780	203.165.31.152	apple.com	155
1783605780	203.165.31.152	microsoft.com	200
1783605780	203.165.31.152	line.me	190
1783605780	203.165.31.152	203-165-31-152.rev.home.ne.jp	189
1783605780	122.197.254.136	google.com	255
1783605780	122.197.254.136	cloudflare.com	242
1783605780	122.197.254.136	github.com	264
1783605780	122.197.254.136	amazon.co.jp	267
1783605780	122.197.254.136	yahoo.co.jp	228
1783605780	122.197.254.136	apple.com	219
1783605780	122.197.254.136	microsoft.com	213
1783605780	122.197.254.136	line.me	207
1783605780	122.197.254.136	203-165-31-152.rev.home.ne.jp	245
1783605840	203.165.31.152	google.com	176
1783605840	203.165.31.152	cloudflare.com	168
1783605840	203.165.31.152	github.com	182
1783605840	203.165.31.152	amazon.co.jp	146
1783605840	203.165.31.152	yahoo.co.jp	185
1783605840	203.165.31.152	apple.com	195
1783605840	203.165.31.152	microsoft.com	174
1783605840	203.165.31.152	line.me	152
1783605840	203.165.31.152	203-165-31-152.rev.home.ne.jp	146
1783605840	122.197.254.136	google.com	215
1783605840	122.197.254.136	cloudflare.com	214
1783605840	122.197.254.136	github.com	262
1783605840	122.197.254.136	amazon.co.jp	186
1783605840	122.197.254.136	yahoo.co.jp	234
1783605840	122.197.254.136	apple.com	197
1783605840	122.197.254.136	microsoft.com	199
1783605840	122.197.254.136	line.me	203
1783605840	122.197.254.136	203-165-31-152.rev.home.ne.jp	262
