1781960628	203.165.31.152	324
1781960642	203.165.31.152	366
1781960702	203.165.31.152	441
1781960762	203.165.31.152	305
1781960822	203.165.31.152	301
1781960882	203.165.31.152	308
1781960942	203.165.31.152	294
1781960970	203.165.31.152	316
1781961002	203.165.31.152		timeout
1781961062	203.165.31.152	311
1781961122	203.165.31.152	310
1781961182	203.165.31.152	307
1781961242	203.165.31.152	306
1781961302	203.165.31.152	302
1781961362	203.165.31.152	313
1781961422	203.165.31.152	310
1781961482	203.165.31.152	315
1781961542	203.165.31.152	300
1781961602	203.165.31.152	296
1781961662	203.165.31.152	373
1781961722	203.165.31.152	366
1781961782	203.165.31.152	308
1781961842	203.165.31.152	452
1781961902	203.165.31.152		timeout
1781961962	203.165.31.152		timeout
1781962022	203.165.31.152	325
1781962082	203.165.31.152	299
1781962142	203.165.31.152	626
1781962202	203.165.31.152	304
1781962262	203.165.31.152	461
1781962322	203.165.31.152	352
1781962347	203.165.31.152	318
1781962370	203.165.31.152	310
1781962382	203.165.31.152	356
1781962442	203.165.31.152	453
1781962502	203.165.31.152	618
1781962562	203.165.31.152	330
1781962622	203.165.31.152	308
1781962682	203.165.31.152		timeout
1781962742	203.165.31.152	368
1781962802	203.165.31.152	cloudflare.com		timeout
1781962802	203.165.31.152	google.com		timeout
1781962862	203.165.31.152	cloudflare.com		timeout
1781962862	203.165.31.152	google.com		timeout
1781962922	203.165.31.152	cloudflare.com	311
1781962922	203.165.31.152	google.com	301
1781962982	203.165.31.152	cloudflare.com	318
1781962982	203.165.31.152	google.com	313
1781963042	203.165.31.152	cloudflare.com	297
1781963042	203.165.31.152	google.com	300
1781963102	203.165.31.152	cloudflare.com	312
1781963102	203.165.31.152	google.com	302
1781963162	203.165.31.152	cloudflare.com	315
1781963162	203.165.31.152	google.com	325
1781963222	203.165.31.152	cloudflare.com	306
1781963222	203.165.31.152	google.com	298
1781963282	203.165.31.152	cloudflare.com	344
1781963282	203.165.31.152	google.com	620
1781963342	203.165.31.152	cloudflare.com	316
1781963342	203.165.31.152	google.com	299
1781963403	203.165.31.152	cloudflare.com	303
1781963403	203.165.31.152	google.com	315
1781963416	203.165.31.152	cloudflare.com	331
1781963416	203.165.31.152	google.com	333
1781963462	203.165.31.152	cloudflare.com	316
1781963462	203.165.31.152	google.com	319
1781963523	203.165.31.152	cloudflare.com	328
1781963523	203.165.31.152	google.com	342
1781963582	203.165.31.152	cloudflare.com	309
1781963582	203.165.31.152	google.com	300
1781963643	203.165.31.152	cloudflare.com	429
1781963643	203.165.31.152	google.com	602
1781963703	203.165.31.152	cloudflare.com	305
1781963703	203.165.31.152	google.com	312
1781963763	203.165.31.152	cloudflare.com	319
1781963763	203.165.31.152	google.com	308
1781963823	203.165.31.152	cloudflare.com	334
1781963823	203.165.31.152	google.com	314
1781963883	203.165.31.152	cloudflare.com	301
1781963883	203.165.31.152	google.com	313
1781963942	203.165.31.152	cloudflare.com	325
1781963942	203.165.31.152	google.com	305
1781964002	203.165.31.152	cloudflare.com	294
1781964002	203.165.31.152	google.com	323
1781964062	203.165.31.152	cloudflare.com	321
1781964062	203.165.31.152	google.com	314
1781964122	203.165.31.152	cloudflare.com	307
1781964122	203.165.31.152	google.com	320
1781964182	203.165.31.152	cloudflare.com	299
1781964182	203.165.31.152	google.com	301
1781964242	203.165.31.152	cloudflare.com	309
1781964242	203.165.31.152	google.com	304
1781964302	203.165.31.152	cloudflare.com	386
1781964302	203.165.31.152	google.com	345
1781964362	203.165.31.152	cloudflare.com	310
1781964362	203.165.31.152	google.com	322
1781964422	203.165.31.152	cloudflare.com	317
1781964422	203.165.31.152	google.com	333
1781964482	203.165.31.152	cloudflare.com	304
1781964482	203.165.31.152	google.com	328
1781964542	203.165.31.152	cloudflare.com	315
1781964542	203.165.31.152	google.com	310
1781964602	203.165.31.152	cloudflare.com	322
1781964602	203.165.31.152	google.com	325
1781964662	203.165.31.152	cloudflare.com	300
1781964662	203.165.31.152	google.com	302
1781964722	203.165.31.152	cloudflare.com	302
1781964722	203.165.31.152	google.com	308
1781964782	203.165.31.152	cloudflare.com	321
1781964782	203.165.31.152	google.com	314
1781964842	203.165.31.152	cloudflare.com	294
1781964842	203.165.31.152	google.com	312
1781964902	203.165.31.152	cloudflare.com	318
1781964902	203.165.31.152	google.com	326
1781964962	203.165.31.152	cloudflare.com	308
1781964962	203.165.31.152	google.com	302
1781965022	203.165.31.152	cloudflare.com	297
1781965022	203.165.31.152	google.com	298
1781965082	203.165.31.152	cloudflare.com	318
1781965082	203.165.31.152	google.com	317
1781965142	203.165.31.152	cloudflare.com	304
1781965142	203.165.31.152	google.com	306
1781965202	203.165.31.152	cloudflare.com	314
1781965202	203.165.31.152	google.com	325
1781965262	203.165.31.152	cloudflare.com	315
1781965262	203.165.31.152	google.com	308
1781965322	203.165.31.152	cloudflare.com	318
1781965322	203.165.31.152	google.com	296
1781965382	203.165.31.152	cloudflare.com	306
1781965382	203.165.31.152	google.com	300
1781965442	203.165.31.152	cloudflare.com	299
1781965442	203.165.31.152	google.com	303
1781965502	203.165.31.152	amazon.co.jp	226
1781965502	203.165.31.152	apple.com	217
1781965502	203.165.31.152	cloudflare.com	230
1781965502	203.165.31.152	github.com	232
1781965502	203.165.31.152	google.com	236
1781965502	203.165.31.152	line.me	246
1781965502	203.165.31.152	microsoft.com	264
1781965502	203.165.31.152	yahoo.co.jp	238
1781965505	203.165.31.152	amazon.co.jp	184
1781965505	203.165.31.152	apple.com	236
1781965505	203.165.31.152	cloudflare.com	216
1781965505	203.165.31.152	github.com	163
1781965505	203.165.31.152	google.com	216
1781965505	203.165.31.152	line.me	164
1781965505	203.165.31.152	microsoft.com	217
1781965505	203.165.31.152	yahoo.co.jp	161
1781965562	203.165.31.152	amazon.co.jp	229
1781965562	203.165.31.152	apple.com	217
1781965562	203.165.31.152	cloudflare.com	221
1781965562	203.165.31.152	github.com	222
1781965562	203.165.31.152	google.com	230
1781965562	203.165.31.152	line.me	235
1781965562	203.165.31.152	microsoft.com	227
1781965562	203.165.31.152	yahoo.co.jp	209
1781965622	203.165.31.152	amazon.co.jp	168
1781965622	203.165.31.152	apple.com	223
1781965622	203.165.31.152	cloudflare.com	218
1781965622	203.165.31.152	github.com	186
1781965622	203.165.31.152	google.com	224
1781965622	203.165.31.152	line.me	171
1781965622	203.165.31.152	microsoft.com	214
1781965622	203.165.31.152	yahoo.co.jp	158
1781965682	203.165.31.152	amazon.co.jp	230
1781965682	203.165.31.152	apple.com	226
1781965682	203.165.31.152	cloudflare.com	220
1781965682	203.165.31.152	github.com	228
1781965682	203.165.31.152	google.com	220
1781965682	203.165.31.152	line.me	229
1781965682	203.165.31.152	microsoft.com	214
1781965682	203.165.31.152	yahoo.co.jp	256
1781965742	203.165.31.152	amazon.co.jp	171
1781965742	203.165.31.152	apple.com	238
1781965742	203.165.31.152	cloudflare.com	242
1781965742	203.165.31.152	github.com	165
1781965742	203.165.31.152	google.com	234
1781965742	203.165.31.152	line.me	190
1781965742	203.165.31.152	microsoft.com	241
1781965742	203.165.31.152	yahoo.co.jp	176
1781965802	203.165.31.152	amazon.co.jp	219
1781965802	203.165.31.152	apple.com	223
1781965802	203.165.31.152	cloudflare.com	226
1781965802	203.165.31.152	github.com	227
1781965802	203.165.31.152	google.com	224
1781965802	203.165.31.152	line.me	240
1781965802	203.165.31.152	microsoft.com	221
1781965802	203.165.31.152	yahoo.co.jp	222
1781965862	203.165.31.152	amazon.co.jp	162
1781965862	203.165.31.152	apple.com	220
1781965862	203.165.31.152	cloudflare.com	246
1781965862	203.165.31.152	github.com	165
1781965862	203.165.31.152	google.com	346
1781965862	203.165.31.152	line.me		timeout
1781965862	203.165.31.152	microsoft.com	470
1781965862	203.165.31.152	yahoo.co.jp	436
1781965922	203.165.31.152	amazon.co.jp	208
1781965922	203.165.31.152	apple.com	214
1781965922	203.165.31.152	cloudflare.com	209
1781965922	203.165.31.152	github.com	224
1781965922	203.165.31.152	google.com	229
1781965922	203.165.31.152	line.me	226
1781965922	203.165.31.152	microsoft.com	221
1781965922	203.165.31.152	yahoo.co.jp	204
1781965982	203.165.31.152	amazon.co.jp	168
1781965982	203.165.31.152	apple.com	226
1781965982	203.165.31.152	cloudflare.com	226
1781965982	203.165.31.152	github.com	173
1781965982	203.165.31.152	google.com	211
1781965982	203.165.31.152	line.me	161
1781965982	203.165.31.152	microsoft.com	224
1781965982	203.165.31.152	yahoo.co.jp	165
1781966042	203.165.31.152	amazon.co.jp	219
1781966042	203.165.31.152	apple.com	224
1781966042	203.165.31.152	cloudflare.com	229
1781966042	203.165.31.152	github.com	225
1781966042	203.165.31.152	google.com	218
1781966042	203.165.31.152	line.me	212
1781966042	203.165.31.152	microsoft.com	209
1781966042	203.165.31.152	yahoo.co.jp	218
1781966102	203.165.31.152	amazon.co.jp	169
1781966102	203.165.31.152	apple.com	220
1781966102	203.165.31.152	cloudflare.com	250
1781966102	203.165.31.152	github.com	168
1781966102	203.165.31.152	google.com	215
1781966102	203.165.31.152	line.me	158
1781966102	203.165.31.152	microsoft.com	223
1781966102	203.165.31.152	yahoo.co.jp	168
1781966162	203.165.31.152	amazon.co.jp	226
1781966162	203.165.31.152	apple.com	224
1781966162	203.165.31.152	cloudflare.com	246
1781966162	203.165.31.152	github.com	220
1781966162	203.165.31.152	google.com	221
1781966162	203.165.31.152	line.me	221
1781966162	203.165.31.152	microsoft.com	231
1781966162	203.165.31.152	yahoo.co.jp	234
1781966222	203.165.31.152	amazon.co.jp	156
1781966222	203.165.31.152	apple.com	232
1781966222	203.165.31.152	cloudflare.com	219
1781966222	203.165.31.152	github.com	185
1781966222	203.165.31.152	google.com	254
1781966222	203.165.31.152	line.me	177
1781966222	203.165.31.152	microsoft.com	211
1781966222	203.165.31.152	yahoo.co.jp	167
1781966282	203.165.31.152	amazon.co.jp	217
1781966282	203.165.31.152	apple.com	225
1781966282	203.165.31.152	cloudflare.com	225
1781966282	203.165.31.152	github.com	232
1781966282	203.165.31.152	google.com	215
1781966282	203.165.31.152	line.me	229
1781966282	203.165.31.152	microsoft.com	222
1781966282	203.165.31.152	yahoo.co.jp	215
1781966342	203.165.31.152	amazon.co.jp	161
1781966342	203.165.31.152	apple.com	231
1781966342	203.165.31.152	cloudflare.com	216
1781966342	203.165.31.152	github.com	158
1781966342	203.165.31.152	google.com	225
1781966342	203.165.31.152	line.me	187
1781966342	203.165.31.152	microsoft.com	211
1781966342	203.165.31.152	yahoo.co.jp	169
1781966402	203.165.31.152	amazon.co.jp	234
1781966402	203.165.31.152	apple.com	219
1781966402	203.165.31.152	cloudflare.com	224
1781966402	203.165.31.152	github.com	213
1781966402	203.165.31.152	google.com	221
1781966402	203.165.31.152	line.me	217
1781966402	203.165.31.152	microsoft.com	227
1781966402	203.165.31.152	yahoo.co.jp	225
1781966462	203.165.31.152	amazon.co.jp	172
1781966462	203.165.31.152	apple.com	216
1781966462	203.165.31.152	cloudflare.com	219
1781966462	203.165.31.152	github.com	162
1781966462	203.165.31.152	google.com	228
1781966462	203.165.31.152	line.me	167
1781966462	203.165.31.152	microsoft.com	235
1781966462	203.165.31.152	yahoo.co.jp	167
1781966522	203.165.31.152	amazon.co.jp	238
1781966522	203.165.31.152	apple.com	223
1781966522	203.165.31.152	cloudflare.com	220
1781966522	203.165.31.152	github.com	235
1781966522	203.165.31.152	google.com	224
1781966522	203.165.31.152	line.me	211
1781966522	203.165.31.152	microsoft.com	223
1781966522	203.165.31.152	yahoo.co.jp	221
1781966582	203.165.31.152	amazon.co.jp	159
1781966582	203.165.31.152	apple.com	211
1781966582	203.165.31.152	cloudflare.com	221
1781966582	203.165.31.152	github.com	170
1781966582	203.165.31.152	google.com	216
1781966582	203.165.31.152	line.me	178
1781966582	203.165.31.152	microsoft.com	219
1781966582	203.165.31.152	yahoo.co.jp	167
1781966642	203.165.31.152	amazon.co.jp	227
1781966642	203.165.31.152	apple.com	219
1781966642	203.165.31.152	cloudflare.com	232
1781966642	203.165.31.152	github.com	211
1781966642	203.165.31.152	google.com	220
1781966642	203.165.31.152	line.me	223
1781966642	203.165.31.152	microsoft.com	238
1781966642	203.165.31.152	yahoo.co.jp	228
1781966702	203.165.31.152	amazon.co.jp	158
1781966702	203.165.31.152	apple.com	217
1781966702	203.165.31.152	cloudflare.com	215
1781966702	203.165.31.152	github.com	161
1781966702	203.165.31.152	google.com	213
1781966702	203.165.31.152	line.me	166
1781966702	203.165.31.152	microsoft.com	220
1781966702	203.165.31.152	yahoo.co.jp	163
1781966762	203.165.31.152	amazon.co.jp	220
1781966762	203.165.31.152	apple.com	214
1781966762	203.165.31.152	cloudflare.com	223
1781966762	203.165.31.152	github.com	212
1781966762	203.165.31.152	google.com	223
1781966762	203.165.31.152	line.me	225
1781966762	203.165.31.152	microsoft.com	228
1781966762	203.165.31.152	yahoo.co.jp	209
1781966822	203.165.31.152	amazon.co.jp	159
1781966822	203.165.31.152	apple.com	231
1781966822	203.165.31.152	cloudflare.com	217
1781966822	203.165.31.152	github.com	172
1781966822	203.165.31.152	google.com	211
1781966822	203.165.31.152	line.me	176
1781966822	203.165.31.152	microsoft.com	219
1781966822	203.165.31.152	yahoo.co.jp	160
1781966882	203.165.31.152	amazon.co.jp	221
1781966882	203.165.31.152	apple.com	231
1781966882	203.165.31.152	cloudflare.com	215
1781966882	203.165.31.152	github.com	216
1781966882	203.165.31.152	google.com	208
1781966882	203.165.31.152	line.me	224
1781966882	203.165.31.152	microsoft.com	232
1781966882	203.165.31.152	yahoo.co.jp	221
1781966942	203.165.31.152	amazon.co.jp	165
1781966942	203.165.31.152	apple.com	222
1781966942	203.165.31.152	cloudflare.com	215
1781966942	203.165.31.152	github.com	169
1781966942	203.165.31.152	google.com	220
1781966942	203.165.31.152	line.me	171
1781966942	203.165.31.152	microsoft.com	223
1781966942	203.165.31.152	yahoo.co.jp	165
1781967002	203.165.31.152	amazon.co.jp	258
1781967002	203.165.31.152	apple.com	250
1781967002	203.165.31.152	cloudflare.com	226
1781967002	203.165.31.152	github.com	224
1781967002	203.165.31.152	google.com	219
1781967002	203.165.31.152	line.me	248
1781967002	203.165.31.152	microsoft.com	229
1781967002	203.165.31.152	yahoo.co.jp	236
1781967062	203.165.31.152	amazon.co.jp	191
1781967062	203.165.31.152	apple.com	225
1781967062	203.165.31.152	cloudflare.com	217
1781967062	203.165.31.152	github.com	168
1781967062	203.165.31.152	google.com	240
1781967062	203.165.31.152	line.me	164
1781967062	203.165.31.152	microsoft.com	230
1781967062	203.165.31.152	yahoo.co.jp	171
1781967122	203.165.31.152	amazon.co.jp	222
1781967122	203.165.31.152	apple.com	218
1781967122	203.165.31.152	cloudflare.com	216
1781967122	203.165.31.152	github.com	225
1781967122	203.165.31.152	google.com	232
1781967122	203.165.31.152	line.me	226
1781967122	203.165.31.152	microsoft.com	229
1781967122	203.165.31.152	yahoo.co.jp	239
1781967182	203.165.31.152	amazon.co.jp	168
1781967182	203.165.31.152	apple.com	217
1781967182	203.165.31.152	cloudflare.com	230
1781967182	203.165.31.152	github.com	168
1781967182	203.165.31.152	google.com	214
1781967182	203.165.31.152	line.me	164
1781967182	203.165.31.152	microsoft.com	240
1781967182	203.165.31.152	yahoo.co.jp	157
1781967242	203.165.31.152	amazon.co.jp	206
1781967242	203.165.31.152	apple.com	236
1781967242	203.165.31.152	cloudflare.com	220
1781967242	203.165.31.152	github.com	262
1781967242	203.165.31.152	google.com	228
1781967242	203.165.31.152	line.me	231
1781967242	203.165.31.152	microsoft.com	239
1781967242	203.165.31.152	yahoo.co.jp	227
1781967302	203.165.31.152	amazon.co.jp	170
1781967302	203.165.31.152	apple.com	216
1781967302	203.165.31.152	cloudflare.com	227
1781967302	203.165.31.152	github.com	177
1781967302	203.165.31.152	google.com	233
1781967302	203.165.31.152	line.me	161
1781967302	203.165.31.152	microsoft.com	220
1781967302	203.165.31.152	yahoo.co.jp	165
1781967362	203.165.31.152	amazon.co.jp	220
1781967362	203.165.31.152	apple.com	225
1781967362	203.165.31.152	cloudflare.com	219
1781967362	203.165.31.152	github.com	217
1781967362	203.165.31.152	google.com	223
1781967362	203.165.31.152	line.me	235
1781967362	203.165.31.152	microsoft.com	226
1781967362	203.165.31.152	yahoo.co.jp	222
1781967422	203.165.31.152	amazon.co.jp	161
1781967422	203.165.31.152	apple.com	221
1781967422	203.165.31.152	cloudflare.com	237
1781967422	203.165.31.152	github.com	164
1781967422	203.165.31.152	google.com	230
1781967422	203.165.31.152	line.me	181
1781967422	203.165.31.152	microsoft.com	223
1781967422	203.165.31.152	yahoo.co.jp	178
1781967482	203.165.31.152	amazon.co.jp	239
1781967482	203.165.31.152	apple.com	228
1781967482	203.165.31.152	cloudflare.com	214
1781967482	203.165.31.152	github.com	225
1781967482	203.165.31.152	google.com	218
1781967482	203.165.31.152	line.me	222
1781967482	203.165.31.152	microsoft.com	234
1781967482	203.165.31.152	yahoo.co.jp	217
1781967542	203.165.31.152	amazon.co.jp	181
1781967542	203.165.31.152	apple.com	227
1781967542	203.165.31.152	cloudflare.com	224
1781967542	203.165.31.152	github.com	160
1781967542	203.165.31.152	google.com	235
1781967542	203.165.31.152	line.me	177
1781967542	203.165.31.152	microsoft.com	222
1781967542	203.165.31.152	yahoo.co.jp	160
1781967602	203.165.31.152	amazon.co.jp	239
1781967602	203.165.31.152	apple.com	216
1781967602	203.165.31.152	cloudflare.com	224
1781967602	203.165.31.152	github.com	249
1781967602	203.165.31.152	google.com	234
1781967602	203.165.31.152	line.me	246
1781967602	203.165.31.152	microsoft.com	241
1781967602	203.165.31.152	yahoo.co.jp	238
1781967662	203.165.31.152	amazon.co.jp	168
1781967662	203.165.31.152	apple.com	212
1781967662	203.165.31.152	cloudflare.com	218
1781967662	203.165.31.152	github.com	165
1781967662	203.165.31.152	google.com	221
1781967662	203.165.31.152	line.me	177
1781967662	203.165.31.152	microsoft.com	221
1781967662	203.165.31.152	yahoo.co.jp	190
1781967722	203.165.31.152	amazon.co.jp	221
1781967722	203.165.31.152	apple.com	210
1781967722	203.165.31.152	cloudflare.com	206
1781967722	203.165.31.152	github.com	214
1781967722	203.165.31.152	google.com	231
1781967722	203.165.31.152	line.me	222
1781967722	203.165.31.152	microsoft.com	238
1781967722	203.165.31.152	yahoo.co.jp	213
1781967782	203.165.31.152	amazon.co.jp	154
1781967782	203.165.31.152	apple.com	221
1781967782	203.165.31.152	cloudflare.com	234
1781967782	203.165.31.152	github.com	173
1781967782	203.165.31.152	google.com	231
1781967782	203.165.31.152	line.me	160
1781967782	203.165.31.152	microsoft.com	227
1781967782	203.165.31.152	yahoo.co.jp	170
1781967842	203.165.31.152	amazon.co.jp	221
1781967842	203.165.31.152	apple.com	231
1781967842	203.165.31.152	cloudflare.com	241
1781967842	203.165.31.152	github.com	225
1781967842	203.165.31.152	google.com	226
1781967842	203.165.31.152	line.me	221
1781967842	203.165.31.152	microsoft.com	234
1781967842	203.165.31.152	yahoo.co.jp	222
1781967902	203.165.31.152	amazon.co.jp	176
1781967902	203.165.31.152	apple.com	235
1781967902	203.165.31.152	cloudflare.com	217
1781967902	203.165.31.152	github.com	159
1781967902	203.165.31.152	google.com	218
1781967902	203.165.31.152	line.me	176
1781967902	203.165.31.152	microsoft.com	222
1781967902	203.165.31.152	yahoo.co.jp	176
1781967962	203.165.31.152	amazon.co.jp	224
1781967962	203.165.31.152	apple.com	235
1781967962	203.165.31.152	cloudflare.com	211
1781967962	203.165.31.152	github.com	216
1781967962	203.165.31.152	google.com	229
1781967962	203.165.31.152	line.me	231
1781967962	203.165.31.152	microsoft.com	221
1781967962	203.165.31.152	yahoo.co.jp	214
1781968022	203.165.31.152	amazon.co.jp	163
1781968022	203.165.31.152	apple.com	218
1781968022	203.165.31.152	cloudflare.com	236
1781968022	203.165.31.152	github.com	174
1781968022	203.165.31.152	google.com	217
1781968022	203.165.31.152	line.me	185
1781968022	203.165.31.152	microsoft.com	225
1781968022	203.165.31.152	yahoo.co.jp	172
1781968082	203.165.31.152	amazon.co.jp	224
1781968082	203.165.31.152	apple.com	229
1781968082	203.165.31.152	cloudflare.com	219
1781968082	203.165.31.152	github.com	227
1781968082	203.165.31.152	google.com	219
1781968082	203.165.31.152	line.me	222
1781968082	203.165.31.152	microsoft.com	223
1781968082	203.165.31.152	yahoo.co.jp	231
1781968142	203.165.31.152	amazon.co.jp	175
1781968142	203.165.31.152	apple.com	212
1781968142	203.165.31.152	cloudflare.com	225
1781968142	203.165.31.152	github.com	169
1781968142	203.165.31.152	google.com	210
1781968142	203.165.31.152	line.me	170
1781968142	203.165.31.152	microsoft.com	215
1781968142	203.165.31.152	yahoo.co.jp	156
1781968202	203.165.31.152	amazon.co.jp	225
1781968202	203.165.31.152	apple.com	228
1781968202	203.165.31.152	cloudflare.com	221
1781968202	203.165.31.152	github.com	222
1781968202	203.165.31.152	google.com	222
1781968202	203.165.31.152	line.me	223
1781968202	203.165.31.152	microsoft.com	233
1781968202	203.165.31.152	yahoo.co.jp	223
1781968262	203.165.31.152	amazon.co.jp	175
1781968262	203.165.31.152	apple.com	218
1781968262	203.165.31.152	cloudflare.com	221
1781968262	203.165.31.152	github.com	174
1781968262	203.165.31.152	google.com	212
1781968262	203.165.31.152	line.me	167
1781968262	203.165.31.152	microsoft.com	216
1781968262	203.165.31.152	yahoo.co.jp	185
1781968322	203.165.31.152	amazon.co.jp	238
1781968322	203.165.31.152	apple.com	226
1781968322	203.165.31.152	cloudflare.com	213
1781968322	203.165.31.152	github.com	222
1781968322	203.165.31.152	google.com	232
1781968322	203.165.31.152	line.me	218
1781968322	203.165.31.152	microsoft.com	216
1781968322	203.165.31.152	yahoo.co.jp	231
1781968382	203.165.31.152	amazon.co.jp	167
1781968382	203.165.31.152	apple.com	233
1781968382	203.165.31.152	cloudflare.com	241
1781968382	203.165.31.152	github.com	169
1781968382	203.165.31.152	google.com	218
1781968382	203.165.31.152	line.me	166
1781968382	203.165.31.152	microsoft.com	226
1781968382	203.165.31.152	yahoo.co.jp	173
1781968442	203.165.31.152	amazon.co.jp	231
1781968442	203.165.31.152	apple.com	213
1781968442	203.165.31.152	cloudflare.com	218
1781968442	203.165.31.152	github.com	221
1781968442	203.165.31.152	google.com	221
1781968442	203.165.31.152	line.me	219
1781968442	203.165.31.152	microsoft.com	225
1781968442	203.165.31.152	yahoo.co.jp	219
1781968502	203.165.31.152	amazon.co.jp	177
1781968502	203.165.31.152	apple.com	218
1781968502	203.165.31.152	cloudflare.com	225
1781968502	203.165.31.152	github.com	199
1781968502	203.165.31.152	google.com	276
1781968502	203.165.31.152	line.me	196
1781968502	203.165.31.152	microsoft.com	247
1781968502	203.165.31.152	yahoo.co.jp	178
1781968562	203.165.31.152	amazon.co.jp	315
1781968562	203.165.31.152	apple.com	302
1781968562	203.165.31.152	cloudflare.com	342
1781968562	203.165.31.152	github.com	350
1781968562	203.165.31.152	google.com	299
1781968562	203.165.31.152	line.me	253
1781968562	203.165.31.152	microsoft.com	253
1781968562	203.165.31.152	yahoo.co.jp	300
1781968622	203.165.31.152	amazon.co.jp	164
1781968622	203.165.31.152	apple.com	225
1781968622	203.165.31.152	cloudflare.com	217
1781968622	203.165.31.152	github.com	167
1781968622	203.165.31.152	google.com	213
1781968622	203.165.31.152	line.me	175
1781968622	203.165.31.152	microsoft.com	227
1781968622	203.165.31.152	yahoo.co.jp	169
1781968682	203.165.31.152	amazon.co.jp	231
1781968682	203.165.31.152	apple.com	231
1781968682	203.165.31.152	cloudflare.com	222
1781968682	203.165.31.152	github.com	221
1781968682	203.165.31.152	google.com	221
1781968682	203.165.31.152	line.me	223
1781968682	203.165.31.152	microsoft.com	221
1781968682	203.165.31.152	yahoo.co.jp	218
1781968742	203.165.31.152	amazon.co.jp	164
1781968742	203.165.31.152	apple.com	219
1781968742	203.165.31.152	cloudflare.com	219
1781968742	203.165.31.152	github.com	168
1781968742	203.165.31.152	google.com	222
1781968742	203.165.31.152	line.me	168
1781968742	203.165.31.152	microsoft.com	224
1781968742	203.165.31.152	yahoo.co.jp	163
1781968802	203.165.31.152	amazon.co.jp	220
1781968802	203.165.31.152	apple.com	226
1781968802	203.165.31.152	cloudflare.com	222
1781968802	203.165.31.152	github.com	214
1781968802	203.165.31.152	google.com	229
1781968802	203.165.31.152	line.me	224
1781968802	203.165.31.152	microsoft.com	219
1781968802	203.165.31.152	yahoo.co.jp	215
1781968862	203.165.31.152	amazon.co.jp	167
1781968862	203.165.31.152	apple.com	228
1781968862	203.165.31.152	cloudflare.com	226
1781968862	203.165.31.152	github.com	162
1781968862	203.165.31.152	google.com	225
1781968862	203.165.31.152	line.me	170
1781968862	203.165.31.152	microsoft.com	218
1781968862	203.165.31.152	yahoo.co.jp	163
1781968922	203.165.31.152	amazon.co.jp	224
1781968922	203.165.31.152	apple.com	212
1781968922	203.165.31.152	cloudflare.com	213
1781968922	203.165.31.152	github.com	222
1781968922	203.165.31.152	google.com	236
1781968922	203.165.31.152	line.me	219
1781968922	203.165.31.152	microsoft.com	210
1781968922	203.165.31.152	yahoo.co.jp	229
1781968982	203.165.31.152	amazon.co.jp	158
1781968982	203.165.31.152	apple.com	227
1781968982	203.165.31.152	cloudflare.com	220
1781968982	203.165.31.152	github.com	168
1781968982	203.165.31.152	google.com	224
1781968982	203.165.31.152	line.me	160
1781968982	203.165.31.152	microsoft.com	229
1781968982	203.165.31.152	yahoo.co.jp	173
1781969042	203.165.31.152	amazon.co.jp	227
1781969042	203.165.31.152	apple.com	223
1781969042	203.165.31.152	cloudflare.com	231
1781969042	203.165.31.152	github.com	218
1781969042	203.165.31.152	google.com	210
1781969042	203.165.31.152	line.me	212
1781969042	203.165.31.152	microsoft.com	221
1781969042	203.165.31.152	yahoo.co.jp	216
1781969102	203.165.31.152	amazon.co.jp	162
1781969102	203.165.31.152	apple.com	231
1781969102	203.165.31.152	cloudflare.com	229
1781969102	203.165.31.152	github.com	165
1781969102	203.165.31.152	google.com	220
1781969102	203.165.31.152	line.me	168
1781969102	203.165.31.152	microsoft.com	215
1781969102	203.165.31.152	yahoo.co.jp	167
1781969162	203.165.31.152	amazon.co.jp	229
1781969162	203.165.31.152	apple.com	216
1781969162	203.165.31.152	cloudflare.com	219
1781969162	203.165.31.152	github.com	220
1781969162	203.165.31.152	google.com	221
1781969162	203.165.31.152	line.me	218
1781969162	203.165.31.152	microsoft.com	227
1781969162	203.165.31.152	yahoo.co.jp	224
1781969222	203.165.31.152	amazon.co.jp	157
1781969222	203.165.31.152	apple.com	228
1781969222	203.165.31.152	cloudflare.com	232
1781969222	203.165.31.152	github.com	168
1781969222	203.165.31.152	google.com	240
1781969222	203.165.31.152	line.me	186
1781969222	203.165.31.152	microsoft.com	212
1781969222	203.165.31.152	yahoo.co.jp	163
1781969282	203.165.31.152	amazon.co.jp	219
1781969282	203.165.31.152	apple.com	221
1781969282	203.165.31.152	cloudflare.com	212
1781969282	203.165.31.152	github.com	221
1781969282	203.165.31.152	google.com	216
1781969282	203.165.31.152	line.me	219
1781969282	203.165.31.152	microsoft.com	228
1781969282	203.165.31.152	yahoo.co.jp	236
1781969342	203.165.31.152	amazon.co.jp	169
1781969342	203.165.31.152	apple.com	241
1781969342	203.165.31.152	cloudflare.com	206
1781969342	203.165.31.152	github.com	173
1781969342	203.165.31.152	google.com	222
1781969342	203.165.31.152	line.me	166
1781969342	203.165.31.152	microsoft.com	220
1781969342	203.165.31.152	yahoo.co.jp	167
1781969402	203.165.31.152	amazon.co.jp	231
1781969402	203.165.31.152	apple.com	216
1781969402	203.165.31.152	cloudflare.com	219
1781969402	203.165.31.152	github.com	218
1781969402	203.165.31.152	google.com	244
1781969402	203.165.31.152	line.me	234
1781969402	203.165.31.152	microsoft.com	212
1781969402	203.165.31.152	yahoo.co.jp	234
1781969462	203.165.31.152	amazon.co.jp	157
1781969462	203.165.31.152	apple.com	224
1781969462	203.165.31.152	cloudflare.com	213
1781969462	203.165.31.152	github.com	159
1781969462	203.165.31.152	google.com	213
1781969462	203.165.31.152	line.me	159
1781969462	203.165.31.152	microsoft.com	246
1781969462	203.165.31.152	yahoo.co.jp	156
1781969522	203.165.31.152	amazon.co.jp	215
1781969522	203.165.31.152	apple.com	211
1781969522	203.165.31.152	cloudflare.com	216
1781969522	203.165.31.152	github.com	217
1781969522	203.165.31.152	google.com	224
1781969522	203.165.31.152	line.me	227
1781969522	203.165.31.152	microsoft.com	214
1781969522	203.165.31.152	yahoo.co.jp	212
1781969582	203.165.31.152	amazon.co.jp	160
1781969582	203.165.31.152	apple.com	220
1781969582	203.165.31.152	cloudflare.com	219
1781969582	203.165.31.152	github.com	160
1781969582	203.165.31.152	google.com	210
1781969582	203.165.31.152	line.me	162
1781969582	203.165.31.152	microsoft.com	226
1781969582	203.165.31.152	yahoo.co.jp	170
1781969642	203.165.31.152	amazon.co.jp	218
1781969642	203.165.31.152	apple.com	213
1781969642	203.165.31.152	cloudflare.com	212
1781969642	203.165.31.152	github.com	234
1781969642	203.165.31.152	google.com	212
1781969642	203.165.31.152	line.me	224
1781969642	203.165.31.152	microsoft.com	216
1781969642	203.165.31.152	yahoo.co.jp	225
1781969702	203.165.31.152	amazon.co.jp	174
1781969702	203.165.31.152	apple.com	220
1781969702	203.165.31.152	cloudflare.com	228
1781969702	203.165.31.152	github.com	159
1781969702	203.165.31.152	google.com	224
1781969702	203.165.31.152	line.me	165
1781969702	203.165.31.152	microsoft.com	215
1781969702	203.165.31.152	yahoo.co.jp	160
1781969762	203.165.31.152	amazon.co.jp	212
1781969762	203.165.31.152	apple.com	216
1781969762	203.165.31.152	cloudflare.com	213
1781969762	203.165.31.152	github.com	222
1781969762	203.165.31.152	google.com	209
1781969762	203.165.31.152	line.me	213
1781969762	203.165.31.152	microsoft.com	210
1781969762	203.165.31.152	yahoo.co.jp	220
1781969822	203.165.31.152	amazon.co.jp	168
1781969822	203.165.31.152	apple.com	229
1781969822	203.165.31.152	cloudflare.com	210
1781969822	203.165.31.152	github.com	170
1781969822	203.165.31.152	google.com	220
1781969822	203.165.31.152	line.me	183
1781969822	203.165.31.152	microsoft.com	216
1781969822	203.165.31.152	yahoo.co.jp	169
1781969882	203.165.31.152	amazon.co.jp	219
1781969882	203.165.31.152	apple.com	216
1781969882	203.165.31.152	cloudflare.com	232
1781969882	203.165.31.152	github.com	214
1781969882	203.165.31.152	google.com	225
1781969882	203.165.31.152	line.me	210
1781969882	203.165.31.152	microsoft.com	213
1781969882	203.165.31.152	yahoo.co.jp	224
1781969942	203.165.31.152	amazon.co.jp	166
1781969942	203.165.31.152	apple.com	213
1781969942	203.165.31.152	cloudflare.com	220
1781969942	203.165.31.152	github.com	168
1781969942	203.165.31.152	google.com	222
1781969942	203.165.31.152	line.me	163
1781969942	203.165.31.152	microsoft.com	217
1781969942	203.165.31.152	yahoo.co.jp	175
1781970002	203.165.31.152	amazon.co.jp	211
1781970002	203.165.31.152	apple.com	223
1781970002	203.165.31.152	cloudflare.com	223
1781970002	203.165.31.152	github.com	222
1781970002	203.165.31.152	google.com	219
1781970002	203.165.31.152	line.me	227
1781970002	203.165.31.152	microsoft.com	214
1781970002	203.165.31.152	yahoo.co.jp	228
1781970062	203.165.31.152	amazon.co.jp	163
1781970062	203.165.31.152	apple.com	224
1781970062	203.165.31.152	cloudflare.com	220
1781970062	203.165.31.152	github.com	167
1781970062	203.165.31.152	google.com	221
1781970062	203.165.31.152	line.me	172
1781970062	203.165.31.152	microsoft.com	203
1781970062	203.165.31.152	yahoo.co.jp	153
1781970122	203.165.31.152	amazon.co.jp	229
1781970122	203.165.31.152	apple.com	235
1781970122	203.165.31.152	cloudflare.com	232
1781970122	203.165.31.152	github.com	227
1781970122	203.165.31.152	google.com	208
1781970122	203.165.31.152	line.me	223
1781970122	203.165.31.152	microsoft.com	223
1781970122	203.165.31.152	yahoo.co.jp	219
1781970182	203.165.31.152	amazon.co.jp	163
1781970182	203.165.31.152	apple.com	227
1781970182	203.165.31.152	cloudflare.com	226
1781970182	203.165.31.152	github.com	173
1781970182	203.165.31.152	google.com	214
1781970182	203.165.31.152	line.me	157
1781970182	203.165.31.152	microsoft.com	215
1781970182	203.165.31.152	yahoo.co.jp	163
1781970242	203.165.31.152	amazon.co.jp	217
1781970242	203.165.31.152	apple.com	221
1781970242	203.165.31.152	cloudflare.com	225
1781970242	203.165.31.152	github.com	211
1781970242	203.165.31.152	google.com	226
1781970242	203.165.31.152	line.me	218
1781970242	203.165.31.152	microsoft.com	220
1781970242	203.165.31.152	yahoo.co.jp	214
1781970302	203.165.31.152	amazon.co.jp	166
1781970302	203.165.31.152	apple.com	216
1781970302	203.165.31.152	cloudflare.com	219
1781970302	203.165.31.152	github.com	155
1781970302	203.165.31.152	google.com	218
1781970302	203.165.31.152	line.me	165
1781970302	203.165.31.152	microsoft.com	227
1781970302	203.165.31.152	yahoo.co.jp	161
1781970362	203.165.31.152	amazon.co.jp	205
1781970362	203.165.31.152	apple.com	227
1781970362	203.165.31.152	cloudflare.com	208
1781970362	203.165.31.152	github.com	222
1781970362	203.165.31.152	google.com	209
1781970362	203.165.31.152	line.me	217
1781970362	203.165.31.152	microsoft.com	213
1781970362	203.165.31.152	yahoo.co.jp	218
1781970422	203.165.31.152	amazon.co.jp	163
1781970422	203.165.31.152	apple.com	221
1781970422	203.165.31.152	cloudflare.com	222
1781970422	203.165.31.152	github.com	158
1781970422	203.165.31.152	google.com	213
1781970422	203.165.31.152	line.me	167
1781970422	203.165.31.152	microsoft.com	220
1781970422	203.165.31.152	yahoo.co.jp	166
1781970482	203.165.31.152	amazon.co.jp	213
1781970482	203.165.31.152	apple.com	223
1781970482	203.165.31.152	cloudflare.com	218
1781970482	203.165.31.152	github.com	216
1781970482	203.165.31.152	google.com	213
1781970482	203.165.31.152	line.me	222
1781970482	203.165.31.152	microsoft.com	223
1781970482	203.165.31.152	yahoo.co.jp	220
1781970542	203.165.31.152	amazon.co.jp	166
1781970542	203.165.31.152	apple.com	217
1781970542	203.165.31.152	cloudflare.com	229
1781970542	203.165.31.152	github.com	163
1781970542	203.165.31.152	google.com	234
1781970542	203.165.31.152	line.me	161
1781970542	203.165.31.152	microsoft.com	208
1781970542	203.165.31.152	yahoo.co.jp	175
1781970602	203.165.31.152	amazon.co.jp	221
1781970602	203.165.31.152	apple.com	225
1781970602	203.165.31.152	cloudflare.com	224
1781970602	203.165.31.152	github.com	223
1781970602	203.165.31.152	google.com	212
1781970602	203.165.31.152	line.me	222
1781970602	203.165.31.152	microsoft.com	224
1781970602	203.165.31.152	yahoo.co.jp	221
1781970662	203.165.31.152	amazon.co.jp	173
1781970662	203.165.31.152	apple.com	221
1781970662	203.165.31.152	cloudflare.com	227
1781970662	203.165.31.152	github.com	155
1781970662	203.165.31.152	google.com	217
1781970662	203.165.31.152	line.me	163
1781970662	203.165.31.152	microsoft.com	217
1781970662	203.165.31.152	yahoo.co.jp	174
1781970722	203.165.31.152	amazon.co.jp	216
1781970722	203.165.31.152	apple.com	220
1781970722	203.165.31.152	cloudflare.com	223
1781970722	203.165.31.152	github.com	215
1781970722	203.165.31.152	google.com	209
1781970722	203.165.31.152	line.me	222
1781970722	203.165.31.152	microsoft.com	220
1781970722	203.165.31.152	yahoo.co.jp	221
1781970782	203.165.31.152	amazon.co.jp	171
1781970782	203.165.31.152	apple.com	214
1781970782	203.165.31.152	cloudflare.com	218
1781970782	203.165.31.152	github.com	165
1781970782	203.165.31.152	google.com	214
1781970782	203.165.31.152	line.me	164
1781970782	203.165.31.152	microsoft.com	227
1781970782	203.165.31.152	yahoo.co.jp	164
1781970843	203.165.31.152	amazon.co.jp	230
1781970843	203.165.31.152	apple.com	216
1781970843	203.165.31.152	cloudflare.com	238
1781970843	203.165.31.152	github.com	217
1781970843	203.165.31.152	google.com	215
1781970843	203.165.31.152	line.me	216
1781970843	203.165.31.152	microsoft.com	216
1781970843	203.165.31.152	yahoo.co.jp	219
1781970903	203.165.31.152	amazon.co.jp	168
1781970903	203.165.31.152	apple.com	221
1781970903	203.165.31.152	cloudflare.com	230
1781970903	203.165.31.152	github.com	153
1781970903	203.165.31.152	google.com	219
1781970903	203.165.31.152	line.me	163
1781970903	203.165.31.152	microsoft.com		timeout
1781970903	203.165.31.152	yahoo.co.jp	164
1781970962	203.165.31.152	amazon.co.jp	230
1781970962	203.165.31.152	apple.com	224
1781970962	203.165.31.152	cloudflare.com	214
1781970962	203.165.31.152	github.com	229
1781970962	203.165.31.152	google.com	215
1781970962	203.165.31.152	line.me	218
1781970962	203.165.31.152	microsoft.com	220
1781970962	203.165.31.152	yahoo.co.jp	220
1781971022	203.165.31.152	amazon.co.jp	160
1781971022	203.165.31.152	apple.com	222
1781971022	203.165.31.152	cloudflare.com	223
1781971022	203.165.31.152	github.com	162
1781971022	203.165.31.152	google.com	224
1781971022	203.165.31.152	line.me	160
1781971022	203.165.31.152	microsoft.com	231
1781971022	203.165.31.152	yahoo.co.jp	162
1781971082	203.165.31.152	amazon.co.jp	235
1781971082	203.165.31.152	apple.com	211
1781971082	203.165.31.152	cloudflare.com	234
1781971082	203.165.31.152	github.com	221
1781971082	203.165.31.152	google.com	208
1781971082	203.165.31.152	line.me	226
1781971082	203.165.31.152	microsoft.com	217
1781971082	203.165.31.152	yahoo.co.jp	212
1781971142	203.165.31.152	amazon.co.jp	169
1781971142	203.165.31.152	apple.com	219
1781971142	203.165.31.152	cloudflare.com	218
1781971142	203.165.31.152	github.com	162
1781971142	203.165.31.152	google.com	212
1781971142	203.165.31.152	line.me	165
1781971142	203.165.31.152	microsoft.com	215
1781971142	203.165.31.152	yahoo.co.jp	164
1781971202	203.165.31.152	amazon.co.jp	220
1781971202	203.165.31.152	apple.com	234
1781971202	203.165.31.152	cloudflare.com	218
1781971202	203.165.31.152	github.com	224
1781971202	203.165.31.152	google.com	213
1781971202	203.165.31.152	line.me	234
1781971202	203.165.31.152	microsoft.com	219
1781971202	203.165.31.152	yahoo.co.jp	222
1781971263	203.165.31.152	amazon.co.jp	163
1781971263	203.165.31.152	apple.com	225
1781971263	203.165.31.152	cloudflare.com	214
1781971263	203.165.31.152	github.com	160
1781971263	203.165.31.152	google.com	225
1781971263	203.165.31.152	line.me	163
1781971263	203.165.31.152	microsoft.com	213
1781971263	203.165.31.152	yahoo.co.jp	167
1781971322	203.165.31.152	amazon.co.jp	215
1781971322	203.165.31.152	apple.com	219
1781971322	203.165.31.152	cloudflare.com	212
1781971322	203.165.31.152	github.com	219
1781971322	203.165.31.152	google.com	212
1781971322	203.165.31.152	line.me	211
1781971322	203.165.31.152	microsoft.com	227
1781971322	203.165.31.152	yahoo.co.jp	226
1781971383	203.165.31.152	amazon.co.jp	166
1781971383	203.165.31.152	apple.com	224
1781971383	203.165.31.152	cloudflare.com	220
1781971383	203.165.31.152	github.com	160
1781971383	203.165.31.152	google.com	215
1781971383	203.165.31.152	line.me	170
1781971383	203.165.31.152	microsoft.com	217
1781971383	203.165.31.152	yahoo.co.jp	170
1781971441	203.165.31.152	amazon.co.jp	219
1781971441	203.165.31.152	apple.com	222
1781971441	203.165.31.152	cloudflare.com	210
1781971441	203.165.31.152	github.com	207
1781971441	203.165.31.152	google.com	217
1781971441	203.165.31.152	line.me	210
1781971441	203.165.31.152	microsoft.com	218
1781971441	203.165.31.152	yahoo.co.jp	218
1781971502	203.165.31.152	amazon.co.jp	156
1781971502	203.165.31.152	apple.com	220
1781971502	203.165.31.152	cloudflare.com	215
1781971502	203.165.31.152	github.com	153
1781971502	203.165.31.152	google.com	227
1781971502	203.165.31.152	line.me	165
1781971502	203.165.31.152	microsoft.com	221
1781971502	203.165.31.152	yahoo.co.jp	168
1781971562	203.165.31.152	amazon.co.jp	211
1781971562	203.165.31.152	apple.com	215
1781971562	203.165.31.152	cloudflare.com	216
1781971562	203.165.31.152	github.com	206
1781971562	203.165.31.152	google.com	223
1781971562	203.165.31.152	line.me	220
1781971562	203.165.31.152	microsoft.com	216
1781971562	203.165.31.152	yahoo.co.jp	220
1781971622	203.165.31.152	amazon.co.jp	158
1781971622	203.165.31.152	apple.com	208
1781971622	203.165.31.152	cloudflare.com	221
1781971622	203.165.31.152	github.com	164
1781971622	203.165.31.152	google.com	223
1781971622	203.165.31.152	line.me	161
1781971622	203.165.31.152	microsoft.com	216
1781971622	203.165.31.152	yahoo.co.jp	162
1781971682	203.165.31.152	amazon.co.jp	218
1781971682	203.165.31.152	apple.com	219
1781971682	203.165.31.152	cloudflare.com	213
1781971682	203.165.31.152	github.com	225
1781971682	203.165.31.152	google.com	221
1781971682	203.165.31.152	line.me	213
1781971682	203.165.31.152	microsoft.com	219
1781971682	203.165.31.152	yahoo.co.jp	219
1781971742	203.165.31.152	amazon.co.jp	170
1781971742	203.165.31.152	apple.com	216
1781971742	203.165.31.152	cloudflare.com	226
1781971742	203.165.31.152	github.com	160
1781971742	203.165.31.152	google.com	221
1781971742	203.165.31.152	line.me	165
1781971742	203.165.31.152	microsoft.com	226
1781971742	203.165.31.152	yahoo.co.jp	161
1781971802	203.165.31.152	amazon.co.jp	213
1781971802	203.165.31.152	apple.com	217
1781971802	203.165.31.152	cloudflare.com	216
1781971802	203.165.31.152	github.com	218
1781971802	203.165.31.152	google.com	223
1781971802	203.165.31.152	line.me	221
1781971802	203.165.31.152	microsoft.com	218
1781971802	203.165.31.152	yahoo.co.jp	227
1781971862	203.165.31.152	amazon.co.jp	164
1781971862	203.165.31.152	apple.com	220
1781971862	203.165.31.152	cloudflare.com	231
1781971862	203.165.31.152	github.com	161
1781971862	203.165.31.152	google.com	215
1781971862	203.165.31.152	line.me	157
1781971862	203.165.31.152	microsoft.com	218
1781971862	203.165.31.152	yahoo.co.jp	166
1781971922	203.165.31.152	amazon.co.jp	218
1781971922	203.165.31.152	apple.com	227
1781971922	203.165.31.152	cloudflare.com	220
1781971922	203.165.31.152	github.com	220
1781971922	203.165.31.152	google.com	242
1781971922	203.165.31.152	line.me	210
1781971922	203.165.31.152	microsoft.com	217
1781971922	203.165.31.152	yahoo.co.jp	215
1781971982	203.165.31.152	amazon.co.jp	149
1781971982	203.165.31.152	apple.com	210
1781971982	203.165.31.152	cloudflare.com	215
1781971982	203.165.31.152	github.com	166
1781971982	203.165.31.152	google.com	223
1781971982	203.165.31.152	line.me	183
1781971982	203.165.31.152	microsoft.com	226
1781971982	203.165.31.152	yahoo.co.jp	162
1781972042	203.165.31.152	amazon.co.jp	220
1781972042	203.165.31.152	apple.com	211
1781972042	203.165.31.152	cloudflare.com	210
1781972042	203.165.31.152	github.com	219
1781972042	203.165.31.152	google.com	221
1781972042	203.165.31.152	line.me	212
1781972042	203.165.31.152	microsoft.com	224
1781972042	203.165.31.152	yahoo.co.jp	222
1781972102	203.165.31.152	amazon.co.jp	182
1781972102	203.165.31.152	apple.com	222
1781972102	203.165.31.152	cloudflare.com	217
1781972102	203.165.31.152	github.com	161
1781972102	203.165.31.152	google.com	233
1781972102	203.165.31.152	line.me	151
1781972102	203.165.31.152	microsoft.com	230
1781972102	203.165.31.152	yahoo.co.jp	163
1781972162	203.165.31.152	amazon.co.jp	213
1781972162	203.165.31.152	apple.com	216
1781972162	203.165.31.152	cloudflare.com	214
1781972162	203.165.31.152	github.com	221
1781972162	203.165.31.152	google.com	211
1781972162	203.165.31.152	line.me	228
1781972162	203.165.31.152	microsoft.com	231
1781972162	203.165.31.152	yahoo.co.jp	215
1781972222	203.165.31.152	amazon.co.jp	170
1781972222	203.165.31.152	apple.com	226
1781972222	203.165.31.152	cloudflare.com	229
1781972222	203.165.31.152	github.com	157
1781972222	203.165.31.152	google.com	223
1781972222	203.165.31.152	line.me	160
1781972222	203.165.31.152	microsoft.com	221
1781972222	203.165.31.152	yahoo.co.jp	154
1781972282	203.165.31.152	amazon.co.jp	224
1781972282	203.165.31.152	apple.com	212
1781972282	203.165.31.152	cloudflare.com	222
1781972282	203.165.31.152	github.com	218
1781972282	203.165.31.152	google.com	217
1781972282	203.165.31.152	line.me	205
1781972282	203.165.31.152	microsoft.com	213
1781972282	203.165.31.152	yahoo.co.jp	228
1781972342	203.165.31.152	amazon.co.jp	168
1781972342	203.165.31.152	apple.com	332
1781972342	203.165.31.152	cloudflare.com	221
1781972342	203.165.31.152	github.com	161
1781972342	203.165.31.152	google.com	226
1781972342	203.165.31.152	line.me	163
1781972342	203.165.31.152	microsoft.com	218
1781972342	203.165.31.152	yahoo.co.jp	174
1781972402	203.165.31.152	amazon.co.jp	223
1781972402	203.165.31.152	apple.com	212
1781972402	203.165.31.152	cloudflare.com	222
1781972402	203.165.31.152	github.com	223
1781972402	203.165.31.152	google.com	211
1781972402	203.165.31.152	line.me	220
1781972402	203.165.31.152	microsoft.com	227
1781972402	203.165.31.152	yahoo.co.jp	219
1781972462	203.165.31.152	amazon.co.jp	161
1781972462	203.165.31.152	apple.com	225
1781972462	203.165.31.152	cloudflare.com	234
1781972462	203.165.31.152	github.com	161
1781972462	203.165.31.152	google.com	213
1781972462	203.165.31.152	line.me	158
1781972462	203.165.31.152	microsoft.com	214
1781972462	203.165.31.152	yahoo.co.jp	157
1781972522	203.165.31.152	amazon.co.jp	209
1781972522	203.165.31.152	apple.com	212
1781972522	203.165.31.152	cloudflare.com	219
1781972522	203.165.31.152	github.com	212
1781972522	203.165.31.152	google.com	212
1781972522	203.165.31.152	line.me	211
1781972522	203.165.31.152	microsoft.com	210
1781972522	203.165.31.152	yahoo.co.jp	215
1781972582	203.165.31.152	amazon.co.jp	175
1781972582	203.165.31.152	apple.com	216
1781972582	203.165.31.152	cloudflare.com	210
1781972582	203.165.31.152	github.com	170
1781972582	203.165.31.152	google.com	228
1781972582	203.165.31.152	line.me	158
1781972582	203.165.31.152	microsoft.com	219
1781972582	203.165.31.152	yahoo.co.jp	173
1781972642	203.165.31.152	amazon.co.jp	223
1781972642	203.165.31.152	apple.com	217
1781972642	203.165.31.152	cloudflare.com	231
1781972642	203.165.31.152	github.com	221
1781972642	203.165.31.152	google.com	215
1781972642	203.165.31.152	line.me	225
1781972642	203.165.31.152	microsoft.com	207
1781972642	203.165.31.152	yahoo.co.jp	220
1781972702	203.165.31.152	amazon.co.jp	164
1781972702	203.165.31.152	apple.com	228
1781972702	203.165.31.152	cloudflare.com	219
1781972702	203.165.31.152	github.com	177
1781972702	203.165.31.152	google.com	217
1781972702	203.165.31.152	line.me	164
1781972702	203.165.31.152	microsoft.com	225
1781972702	203.165.31.152	yahoo.co.jp	173
1781972762	203.165.31.152	amazon.co.jp	234
1781972762	203.165.31.152	apple.com	208
1781972762	203.165.31.152	cloudflare.com	216
1781972762	203.165.31.152	github.com	211
1781972762	203.165.31.152	google.com	211
1781972762	203.165.31.152	line.me	209
1781972762	203.165.31.152	microsoft.com	222
1781972762	203.165.31.152	yahoo.co.jp	214
1781972822	203.165.31.152	amazon.co.jp	156
1781972822	203.165.31.152	apple.com	220
1781972822	203.165.31.152	cloudflare.com	216
1781972822	203.165.31.152	github.com	158
1781972822	203.165.31.152	google.com	214
1781972822	203.165.31.152	line.me	162
1781972822	203.165.31.152	microsoft.com	227
1781972822	203.165.31.152	yahoo.co.jp	151
1781972882	203.165.31.152	amazon.co.jp	220
1781972882	203.165.31.152	apple.com	221
1781972882	203.165.31.152	cloudflare.com	218
1781972882	203.165.31.152	github.com	213
1781972882	203.165.31.152	google.com	209
1781972882	203.165.31.152	line.me	222
1781972882	203.165.31.152	microsoft.com	224
1781972882	203.165.31.152	yahoo.co.jp	221
1781972942	203.165.31.152	amazon.co.jp	163
1781972942	203.165.31.152	apple.com	228
1781972942	203.165.31.152	cloudflare.com	216
1781972942	203.165.31.152	github.com	163
1781972942	203.165.31.152	google.com	214
1781972942	203.165.31.152	line.me	159
1781972942	203.165.31.152	microsoft.com	216
1781972942	203.165.31.152	yahoo.co.jp	162
1781973002	203.165.31.152	amazon.co.jp	220
1781973002	203.165.31.152	apple.com	210
1781973002	203.165.31.152	cloudflare.com	222
1781973002	203.165.31.152	github.com	218
1781973002	203.165.31.152	google.com	207
1781973002	203.165.31.152	line.me	219
1781973002	203.165.31.152	microsoft.com	219
1781973002	203.165.31.152	yahoo.co.jp	240
1781973062	203.165.31.152	amazon.co.jp	166
1781973062	203.165.31.152	apple.com	220
1781973062	203.165.31.152	cloudflare.com	223
1781973062	203.165.31.152	github.com	174
1781973062	203.165.31.152	google.com	223
1781973062	203.165.31.152	line.me	164
1781973062	203.165.31.152	microsoft.com	218
1781973062	203.165.31.152	yahoo.co.jp	171
1781973122	203.165.31.152	amazon.co.jp	229
1781973122	203.165.31.152	apple.com	221
1781973122	203.165.31.152	cloudflare.com	217
1781973122	203.165.31.152	github.com	219
1781973122	203.165.31.152	google.com	218
1781973122	203.165.31.152	line.me	219
1781973122	203.165.31.152	microsoft.com	232
1781973122	203.165.31.152	yahoo.co.jp	211
1781973182	203.165.31.152	amazon.co.jp	152
1781973182	203.165.31.152	apple.com	213
1781973182	203.165.31.152	cloudflare.com	215
1781973182	203.165.31.152	github.com	151
1781973182	203.165.31.152	google.com	217
1781973182	203.165.31.152	line.me	160
1781973182	203.165.31.152	microsoft.com	212
1781973182	203.165.31.152	yahoo.co.jp	162
1781973242	203.165.31.152	amazon.co.jp	218
1781973242	203.165.31.152	apple.com	221
1781973242	203.165.31.152	cloudflare.com	221
1781973242	203.165.31.152	github.com	221
1781973242	203.165.31.152	google.com	208
1781973242	203.165.31.152	line.me	228
1781973242	203.165.31.152	microsoft.com	235
1781973242	203.165.31.152	yahoo.co.jp	217
1781973302	203.165.31.152	amazon.co.jp	163
1781973302	203.165.31.152	apple.com	214
1781973302	203.165.31.152	cloudflare.com	225
1781973302	203.165.31.152	github.com	161
1781973302	203.165.31.152	google.com	210
1781973302	203.165.31.152	line.me	166
1781973302	203.165.31.152	microsoft.com	225
1781973302	203.165.31.152	yahoo.co.jp	161
1781973362	203.165.31.152	amazon.co.jp	222
1781973362	203.165.31.152	apple.com	214
1781973362	203.165.31.152	cloudflare.com	212
1781973362	203.165.31.152	github.com	221
1781973362	203.165.31.152	google.com	219
1781973362	203.165.31.152	line.me	221
1781973362	203.165.31.152	microsoft.com	223
1781973362	203.165.31.152	yahoo.co.jp	218
1781973422	203.165.31.152	amazon.co.jp	161
1781973422	203.165.31.152	apple.com	222
1781973422	203.165.31.152	cloudflare.com	214
1781973422	203.165.31.152	github.com	165
1781973422	203.165.31.152	google.com	223
1781973422	203.165.31.152	line.me	167
1781973422	203.165.31.152	microsoft.com	220
1781973422	203.165.31.152	yahoo.co.jp	156
1781973482	203.165.31.152	amazon.co.jp	217
1781973482	203.165.31.152	apple.com	218
1781973482	203.165.31.152	cloudflare.com	215
1781973482	203.165.31.152	github.com	221
1781973482	203.165.31.152	google.com	210
1781973482	203.165.31.152	line.me	216
1781973482	203.165.31.152	microsoft.com	236
1781973482	203.165.31.152	yahoo.co.jp	223
1781973542	203.165.31.152	amazon.co.jp	162
1781973542	203.165.31.152	apple.com	220
1781973542	203.165.31.152	cloudflare.com	219
1781973542	203.165.31.152	github.com	159
1781973542	203.165.31.152	google.com	217
1781973542	203.165.31.152	line.me	163
1781973542	203.165.31.152	microsoft.com	214
1781973542	203.165.31.152	yahoo.co.jp	162
1781973602	203.165.31.152	amazon.co.jp	216
1781973602	203.165.31.152	apple.com	210
1781973602	203.165.31.152	cloudflare.com	217
1781973602	203.165.31.152	github.com	221
1781973602	203.165.31.152	google.com	220
1781973602	203.165.31.152	line.me	220
1781973602	203.165.31.152	microsoft.com	218
1781973602	203.165.31.152	yahoo.co.jp	218
1781973662	203.165.31.152	amazon.co.jp	171
1781973662	203.165.31.152	apple.com	210
1781973662	203.165.31.152	cloudflare.com	220
1781973662	203.165.31.152	github.com	165
1781973662	203.165.31.152	google.com	219
1781973662	203.165.31.152	line.me	157
1781973662	203.165.31.152	microsoft.com	217
1781973662	203.165.31.152	yahoo.co.jp	160
1781973722	203.165.31.152	amazon.co.jp	229
1781973722	203.165.31.152	apple.com	234
1781973722	203.165.31.152	cloudflare.com	216
1781973722	203.165.31.152	github.com	219
1781973722	203.165.31.152	google.com	217
1781973722	203.165.31.152	line.me	218
1781973722	203.165.31.152	microsoft.com	224
1781973722	203.165.31.152	yahoo.co.jp	253
1781973782	203.165.31.152	amazon.co.jp	163
1781973782	203.165.31.152	apple.com	220
1781973782	203.165.31.152	cloudflare.com	219
1781973782	203.165.31.152	github.com	161
1781973782	203.165.31.152	google.com	227
1781973782	203.165.31.152	line.me	170
1781973782	203.165.31.152	microsoft.com	221
1781973782	203.165.31.152	yahoo.co.jp	158
1781973842	203.165.31.152	amazon.co.jp	218
1781973842	203.165.31.152	apple.com	217
1781973842	203.165.31.152	cloudflare.com	215
1781973842	203.165.31.152	github.com	220
1781973842	203.165.31.152	google.com	222
1781973842	203.165.31.152	line.me	221
1781973842	203.165.31.152	microsoft.com	224
1781973842	203.165.31.152	yahoo.co.jp	229
1781973902	203.165.31.152	amazon.co.jp	169
1781973902	203.165.31.152	apple.com	219
1781973902	203.165.31.152	cloudflare.com	216
1781973902	203.165.31.152	github.com	169
1781973902	203.165.31.152	google.com	230
1781973902	203.165.31.152	line.me	158
1781973902	203.165.31.152	microsoft.com	222
1781973902	203.165.31.152	yahoo.co.jp	163
1781973962	203.165.31.152	amazon.co.jp	223
1781973962	203.165.31.152	apple.com	224
1781973962	203.165.31.152	cloudflare.com	219
1781973962	203.165.31.152	github.com	209
1781973962	203.165.31.152	google.com	225
1781973962	203.165.31.152	line.me	221
1781973962	203.165.31.152	microsoft.com	223
1781973962	203.165.31.152	yahoo.co.jp	211
1781974022	203.165.31.152	amazon.co.jp	164
1781974022	203.165.31.152	apple.com	220
1781974022	203.165.31.152	cloudflare.com	214
1781974022	203.165.31.152	github.com	163
1781974022	203.165.31.152	google.com	209
1781974022	203.165.31.152	line.me	166
1781974022	203.165.31.152	microsoft.com	214
1781974022	203.165.31.152	yahoo.co.jp	156
1781974082	203.165.31.152	amazon.co.jp	214
1781974082	203.165.31.152	apple.com	212
1781974082	203.165.31.152	cloudflare.com	213
1781974082	203.165.31.152	github.com	229
1781974082	203.165.31.152	google.com	213
1781974082	203.165.31.152	line.me	208
1781974082	203.165.31.152	microsoft.com	221
1781974082	203.165.31.152	yahoo.co.jp	234
1781974142	203.165.31.152	amazon.co.jp	166
1781974142	203.165.31.152	apple.com	223
1781974142	203.165.31.152	cloudflare.com	214
1781974142	203.165.31.152	github.com	160
1781974142	203.165.31.152	google.com	213
1781974142	203.165.31.152	line.me	159
1781974142	203.165.31.152	microsoft.com	229
1781974142	203.165.31.152	yahoo.co.jp	165
1781974202	203.165.31.152	amazon.co.jp	227
1781974202	203.165.31.152	apple.com	216
1781974202	203.165.31.152	cloudflare.com	209
1781974202	203.165.31.152	github.com	229
1781974202	203.165.31.152	google.com	213
1781974202	203.165.31.152	line.me	213
1781974202	203.165.31.152	microsoft.com	211
1781974202	203.165.31.152	yahoo.co.jp	210
1781974262	203.165.31.152	amazon.co.jp	177
1781974262	203.165.31.152	apple.com	219
1781974262	203.165.31.152	cloudflare.com	223
1781974262	203.165.31.152	github.com	164
1781974262	203.165.31.152	google.com	222
1781974262	203.165.31.152	line.me	170
1781974262	203.165.31.152	microsoft.com	223
1781974262	203.165.31.152	yahoo.co.jp	166
1781974322	203.165.31.152	amazon.co.jp	226
1781974322	203.165.31.152	apple.com	222
1781974322	203.165.31.152	cloudflare.com	228
1781974322	203.165.31.152	github.com	221
1781974322	203.165.31.152	google.com	220
1781974322	203.165.31.152	line.me	212
1781974322	203.165.31.152	microsoft.com	212
1781974322	203.165.31.152	yahoo.co.jp	221
1781974382	203.165.31.152	amazon.co.jp	169
1781974382	203.165.31.152	apple.com	212
1781974382	203.165.31.152	cloudflare.com	210
1781974382	203.165.31.152	github.com	161
1781974382	203.165.31.152	google.com	219
1781974382	203.165.31.152	line.me	165
1781974382	203.165.31.152	microsoft.com	212
1781974382	203.165.31.152	yahoo.co.jp	169
1781974442	203.165.31.152	amazon.co.jp	241
1781974442	203.165.31.152	apple.com	223
1781974442	203.165.31.152	cloudflare.com	215
1781974442	203.165.31.152	github.com	212
1781974442	203.165.31.152	google.com	247
1781974442	203.165.31.152	line.me	231
1781974442	203.165.31.152	microsoft.com	221
1781974442	203.165.31.152	yahoo.co.jp	207
1781974502	203.165.31.152	amazon.co.jp	168
1781974502	203.165.31.152	apple.com	223
1781974502	203.165.31.152	cloudflare.com	225
1781974502	203.165.31.152	github.com	170
1781974502	203.165.31.152	google.com	220
1781974502	203.165.31.152	line.me	161
1781974502	203.165.31.152	microsoft.com	216
1781974502	203.165.31.152	yahoo.co.jp	171
1781974562	203.165.31.152	amazon.co.jp	206
1781974562	203.165.31.152	apple.com	204
1781974562	203.165.31.152	cloudflare.com	213
1781974562	203.165.31.152	github.com	225
1781974562	203.165.31.152	google.com	208
1781974562	203.165.31.152	line.me	215
1781974562	203.165.31.152	microsoft.com	210
1781974562	203.165.31.152	yahoo.co.jp	218
1781974622	203.165.31.152	amazon.co.jp	163
1781974622	203.165.31.152	apple.com	217
1781974622	203.165.31.152	cloudflare.com	232
1781974622	203.165.31.152	github.com	160
1781974622	203.165.31.152	google.com	207
1781974622	203.165.31.152	line.me	154
1781974622	203.165.31.152	microsoft.com	214
1781974622	203.165.31.152	yahoo.co.jp	158
1781974682	203.165.31.152	amazon.co.jp	217
1781974682	203.165.31.152	apple.com	213
1781974682	203.165.31.152	cloudflare.com	213
1781974682	203.165.31.152	github.com	215
1781974682	203.165.31.152	google.com	218
1781974682	203.165.31.152	line.me	217
1781974682	203.165.31.152	microsoft.com	217
1781974682	203.165.31.152	yahoo.co.jp	217
1781974742	203.165.31.152	amazon.co.jp	171
1781974742	203.165.31.152	apple.com	226
1781974742	203.165.31.152	cloudflare.com	229
1781974742	203.165.31.152	github.com	166
1781974742	203.165.31.152	google.com	219
1781974742	203.165.31.152	line.me	167
1781974742	203.165.31.152	microsoft.com	217
1781974742	203.165.31.152	yahoo.co.jp	157
1781974802	203.165.31.152	amazon.co.jp	219
1781974802	203.165.31.152	apple.com	213
1781974802	203.165.31.152	cloudflare.com	257
1781974802	203.165.31.152	github.com	229
1781974802	203.165.31.152	google.com	217
1781974802	203.165.31.152	line.me	207
1781974802	203.165.31.152	microsoft.com	218
1781974802	203.165.31.152	yahoo.co.jp	217
1781974862	203.165.31.152	amazon.co.jp	167
1781974862	203.165.31.152	apple.com	213
1781974862	203.165.31.152	cloudflare.com	225
1781974862	203.165.31.152	github.com	165
1781974862	203.165.31.152	google.com	220
1781974862	203.165.31.152	line.me	150
1781974862	203.165.31.152	microsoft.com	208
1781974862	203.165.31.152	yahoo.co.jp	156
1781974922	203.165.31.152	amazon.co.jp	221
1781974922	203.165.31.152	apple.com	218
1781974922	203.165.31.152	cloudflare.com	214
1781974922	203.165.31.152	github.com	222
1781974922	203.165.31.152	google.com	222
1781974922	203.165.31.152	line.me	216
1781974922	203.165.31.152	microsoft.com	213
1781974922	203.165.31.152	yahoo.co.jp	229
1781974982	203.165.31.152	amazon.co.jp	167
1781974982	203.165.31.152	apple.com	218
1781974982	203.165.31.152	cloudflare.com	215
1781974982	203.165.31.152	github.com	164
1781974982	203.165.31.152	google.com	209
1781974982	203.165.31.152	line.me	156
1781974982	203.165.31.152	microsoft.com	208
1781974982	203.165.31.152	yahoo.co.jp	158
1781975042	203.165.31.152	amazon.co.jp	218
1781975042	203.165.31.152	apple.com	216
1781975042	203.165.31.152	cloudflare.com	215
1781975042	203.165.31.152	github.com	215
1781975042	203.165.31.152	google.com	216
1781975042	203.165.31.152	line.me	208
1781975042	203.165.31.152	microsoft.com	219
1781975042	203.165.31.152	yahoo.co.jp	210
1781975102	203.165.31.152	amazon.co.jp	172
1781975102	203.165.31.152	apple.com	221
1781975102	203.165.31.152	cloudflare.com	224
1781975102	203.165.31.152	github.com	163
1781975102	203.165.31.152	google.com	209
1781975102	203.165.31.152	line.me	176
1781975102	203.165.31.152	microsoft.com	226
1781975102	203.165.31.152	yahoo.co.jp	163
1781975162	203.165.31.152	amazon.co.jp	217
1781975162	203.165.31.152	apple.com	225
1781975162	203.165.31.152	cloudflare.com	228
1781975162	203.165.31.152	github.com	211
1781975162	203.165.31.152	google.com	210
1781975162	203.165.31.152	line.me	221
1781975162	203.165.31.152	microsoft.com	216
1781975162	203.165.31.152	yahoo.co.jp	216
1781975222	203.165.31.152	amazon.co.jp	163
1781975222	203.165.31.152	apple.com	218
1781975222	203.165.31.152	cloudflare.com	216
1781975222	203.165.31.152	github.com	157
1781975222	203.165.31.152	google.com	221
1781975222	203.165.31.152	line.me	164
1781975222	203.165.31.152	microsoft.com	218
1781975222	203.165.31.152	yahoo.co.jp	168
1781975282	203.165.31.152	amazon.co.jp	232
1781975282	203.165.31.152	apple.com	217
1781975282	203.165.31.152	cloudflare.com	220
1781975282	203.165.31.152	github.com	219
1781975282	203.165.31.152	google.com	229
1781975282	203.165.31.152	line.me	210
1781975282	203.165.31.152	microsoft.com	222
1781975282	203.165.31.152	yahoo.co.jp	215
1781975342	203.165.31.152	amazon.co.jp	169
1781975342	203.165.31.152	apple.com	220
1781975342	203.165.31.152	cloudflare.com	225
1781975342	203.165.31.152	github.com	170
1781975342	203.165.31.152	google.com	215
1781975342	203.165.31.152	line.me	160
1781975342	203.165.31.152	microsoft.com	221
1781975342	203.165.31.152	yahoo.co.jp	163
1781975402	203.165.31.152	amazon.co.jp	215
1781975402	203.165.31.152	apple.com	202
1781975402	203.165.31.152	cloudflare.com	216
1781975402	203.165.31.152	github.com	218
1781975402	203.165.31.152	google.com	229
1781975402	203.165.31.152	line.me	217
1781975402	203.165.31.152	microsoft.com	220
1781975402	203.165.31.152	yahoo.co.jp	231
1781975462	203.165.31.152	amazon.co.jp	168
1781975462	203.165.31.152	apple.com	214
1781975462	203.165.31.152	cloudflare.com	222
1781975462	203.165.31.152	github.com	162
1781975462	203.165.31.152	google.com	218
1781975462	203.165.31.152	line.me	176
1781975462	203.165.31.152	microsoft.com	223
1781975462	203.165.31.152	yahoo.co.jp	154
1781975522	203.165.31.152	amazon.co.jp	224
1781975522	203.165.31.152	apple.com	209
1781975522	203.165.31.152	cloudflare.com	227
1781975522	203.165.31.152	github.com	220
1781975522	203.165.31.152	google.com	211
1781975522	203.165.31.152	line.me	226
1781975522	203.165.31.152	microsoft.com	217
1781975522	203.165.31.152	yahoo.co.jp	222
1781975582	203.165.31.152	amazon.co.jp	159
1781975582	203.165.31.152	apple.com	222
1781975582	203.165.31.152	cloudflare.com	216
1781975582	203.165.31.152	github.com	151
1781975582	203.165.31.152	google.com	212
1781975582	203.165.31.152	line.me	166
1781975582	203.165.31.152	microsoft.com	211
1781975582	203.165.31.152	yahoo.co.jp	163
1781975642	203.165.31.152	amazon.co.jp	212
1781975642	203.165.31.152	apple.com	217
1781975642	203.165.31.152	cloudflare.com	208
1781975642	203.165.31.152	github.com	209
1781975642	203.165.31.152	google.com	222
1781975642	203.165.31.152	line.me	216
1781975642	203.165.31.152	microsoft.com	227
1781975642	203.165.31.152	yahoo.co.jp	222
1781975702	203.165.31.152	amazon.co.jp	167
1781975702	203.165.31.152	apple.com	219
1781975702	203.165.31.152	cloudflare.com	225
1781975702	203.165.31.152	github.com	168
1781975702	203.165.31.152	google.com	215
1781975702	203.165.31.152	line.me	168
1781975702	203.165.31.152	microsoft.com	212
1781975702	203.165.31.152	yahoo.co.jp	159
1781975762	203.165.31.152	amazon.co.jp	218
1781975762	203.165.31.152	apple.com	224
1781975762	203.165.31.152	cloudflare.com	213
1781975762	203.165.31.152	github.com	207
1781975762	203.165.31.152	google.com	221
1781975762	203.165.31.152	line.me	213
1781975762	203.165.31.152	microsoft.com	205
1781975762	203.165.31.152	yahoo.co.jp	213
1781975822	203.165.31.152	amazon.co.jp	156
1781975822	203.165.31.152	apple.com	216
1781975822	203.165.31.152	cloudflare.com	217
1781975822	203.165.31.152	github.com	166
1781975822	203.165.31.152	google.com	226
1781975822	203.165.31.152	line.me	161
1781975822	203.165.31.152	microsoft.com	222
1781975822	203.165.31.152	yahoo.co.jp	165
1781975882	203.165.31.152	amazon.co.jp	213
1781975882	203.165.31.152	apple.com	218
1781975882	203.165.31.152	cloudflare.com	210
1781975882	203.165.31.152	github.com	212
1781975882	203.165.31.152	google.com	216
1781975882	203.165.31.152	line.me	223
1781975882	203.165.31.152	microsoft.com	210
1781975882	203.165.31.152	yahoo.co.jp	213
1781975942	203.165.31.152	amazon.co.jp	161
1781975942	203.165.31.152	apple.com	228
1781975942	203.165.31.152	cloudflare.com	221
1781975942	203.165.31.152	github.com	169
1781975942	203.165.31.152	google.com	220
1781975942	203.165.31.152	line.me	166
1781975942	203.165.31.152	microsoft.com	216
1781975942	203.165.31.152	yahoo.co.jp	155
1781976002	203.165.31.152	amazon.co.jp	217
1781976002	203.165.31.152	apple.com	221
1781976002	203.165.31.152	cloudflare.com	218
1781976002	203.165.31.152	github.com	215
1781976002	203.165.31.152	google.com	223
1781976002	203.165.31.152	line.me	229
1781976002	203.165.31.152	microsoft.com	218
1781976002	203.165.31.152	yahoo.co.jp	218
1781976062	203.165.31.152	amazon.co.jp	156
1781976062	203.165.31.152	apple.com	227
1781976062	203.165.31.152	cloudflare.com	215
1781976062	203.165.31.152	github.com	159
1781976062	203.165.31.152	google.com	222
1781976062	203.165.31.152	line.me	166
1781976062	203.165.31.152	microsoft.com	211
1781976062	203.165.31.152	yahoo.co.jp	176
1781976122	203.165.31.152	amazon.co.jp	218
1781976122	203.165.31.152	apple.com	223
1781976122	203.165.31.152	cloudflare.com	213
1781976122	203.165.31.152	github.com	215
1781976122	203.165.31.152	google.com	203
1781976122	203.165.31.152	line.me	212
1781976122	203.165.31.152	microsoft.com	213
1781976122	203.165.31.152	yahoo.co.jp	216
1781976182	203.165.31.152	amazon.co.jp	168
1781976182	203.165.31.152	apple.com	219
1781976182	203.165.31.152	cloudflare.com	228
1781976182	203.165.31.152	github.com	158
1781976182	203.165.31.152	google.com	214
1781976182	203.165.31.152	line.me	161
1781976182	203.165.31.152	microsoft.com	226
1781976182	203.165.31.152	yahoo.co.jp	163
1781976242	203.165.31.152	amazon.co.jp	223
1781976242	203.165.31.152	apple.com	228
1781976242	203.165.31.152	cloudflare.com	218
1781976242	203.165.31.152	github.com	222
1781976242	203.165.31.152	google.com	221
1781976242	203.165.31.152	line.me	224
1781976242	203.165.31.152	microsoft.com	219
1781976242	203.165.31.152	yahoo.co.jp	240
1781976302	203.165.31.152	amazon.co.jp	160
1781976302	203.165.31.152	apple.com	226
1781976302	203.165.31.152	cloudflare.com	221
1781976302	203.165.31.152	github.com	158
1781976302	203.165.31.152	google.com	224
1781976302	203.165.31.152	line.me	167
1781976302	203.165.31.152	microsoft.com	209
1781976302	203.165.31.152	yahoo.co.jp	161
1781976362	203.165.31.152	amazon.co.jp	221
1781976362	203.165.31.152	apple.com	220
1781976362	203.165.31.152	cloudflare.com	224
1781976362	203.165.31.152	github.com	225
1781976362	203.165.31.152	google.com	218
1781976362	203.165.31.152	line.me	211
1781976362	203.165.31.152	microsoft.com	224
1781976362	203.165.31.152	yahoo.co.jp	212
1781976422	203.165.31.152	amazon.co.jp	165
1781976422	203.165.31.152	apple.com	217
1781976422	203.165.31.152	cloudflare.com	223
1781976422	203.165.31.152	github.com	165
1781976422	203.165.31.152	google.com	227
1781976422	203.165.31.152	line.me	162
1781976422	203.165.31.152	microsoft.com	226
1781976422	203.165.31.152	yahoo.co.jp	157
1781976482	203.165.31.152	amazon.co.jp	221
1781976482	203.165.31.152	apple.com	220
1781976482	203.165.31.152	cloudflare.com	212
1781976482	203.165.31.152	github.com	210
1781976482	203.165.31.152	google.com	223
1781976482	203.165.31.152	line.me	217
1781976482	203.165.31.152	microsoft.com	218
1781976482	203.165.31.152	yahoo.co.jp	218
1781976542	203.165.31.152	amazon.co.jp	159
1781976542	203.165.31.152	apple.com	213
1781976542	203.165.31.152	cloudflare.com	221
1781976542	203.165.31.152	github.com	163
1781976542	203.165.31.152	google.com	215
1781976542	203.165.31.152	line.me	170
1781976542	203.165.31.152	microsoft.com	226
1781976542	203.165.31.152	yahoo.co.jp	160
1781976602	203.165.31.152	amazon.co.jp	208
1781976602	203.165.31.152	apple.com	218
1781976602	203.165.31.152	cloudflare.com	223
1781976602	203.165.31.152	github.com	227
1781976602	203.165.31.152	google.com	218
1781976602	203.165.31.152	line.me	208
1781976602	203.165.31.152	microsoft.com	217
1781976602	203.165.31.152	yahoo.co.jp	219
1781976662	203.165.31.152	amazon.co.jp	156
1781976662	203.165.31.152	apple.com	213
1781976662	203.165.31.152	cloudflare.com	225
1781976662	203.165.31.152	github.com	166
1781976662	203.165.31.152	google.com	218
1781976662	203.165.31.152	line.me	168
1781976662	203.165.31.152	microsoft.com	220
1781976662	203.165.31.152	yahoo.co.jp	149
1781976722	203.165.31.152	amazon.co.jp	216
1781976722	203.165.31.152	apple.com	220
1781976722	203.165.31.152	cloudflare.com	273
1781976722	203.165.31.152	github.com	205
1781976722	203.165.31.152	google.com	210
1781976722	203.165.31.152	line.me	219
1781976722	203.165.31.152	microsoft.com	206
1781976722	203.165.31.152	yahoo.co.jp	216
1781976782	203.165.31.152	amazon.co.jp	169
1781976782	203.165.31.152	apple.com	213
1781976782	203.165.31.152	cloudflare.com	226
1781976782	203.165.31.152	github.com	163
1781976782	203.165.31.152	google.com	223
1781976782	203.165.31.152	line.me	163
1781976782	203.165.31.152	microsoft.com	222
1781976782	203.165.31.152	yahoo.co.jp	159
1781976842	203.165.31.152	amazon.co.jp	218
1781976842	203.165.31.152	apple.com	227
1781976842	203.165.31.152	cloudflare.com	212
1781976842	203.165.31.152	github.com	216
1781976842	203.165.31.152	google.com	205
1781976842	203.165.31.152	line.me	208
1781976842	203.165.31.152	microsoft.com	211
1781976842	203.165.31.152	yahoo.co.jp	221
1781976902	203.165.31.152	amazon.co.jp	173
1781976902	203.165.31.152	apple.com	213
1781976902	203.165.31.152	cloudflare.com	211
1781976902	203.165.31.152	github.com	181
1781976902	203.165.31.152	google.com	227
1781976902	203.165.31.152	line.me	165
1781976902	203.165.31.152	microsoft.com	215
1781976902	203.165.31.152	yahoo.co.jp	158
1781976962	203.165.31.152	amazon.co.jp	208
1781976962	203.165.31.152	apple.com	209
1781976962	203.165.31.152	cloudflare.com	224
1781976962	203.165.31.152	github.com	215
1781976962	203.165.31.152	google.com	216
1781976962	203.165.31.152	line.me	224
1781976962	203.165.31.152	microsoft.com	227
1781976962	203.165.31.152	yahoo.co.jp	212
1781977022	203.165.31.152	amazon.co.jp	154
1781977022	203.165.31.152	apple.com	217
1781977022	203.165.31.152	cloudflare.com	218
1781977022	203.165.31.152	github.com	165
1781977022	203.165.31.152	google.com	220
1781977022	203.165.31.152	line.me	163
1781977022	203.165.31.152	microsoft.com	215
1781977022	203.165.31.152	yahoo.co.jp	158
1781977082	203.165.31.152	amazon.co.jp	214
1781977082	203.165.31.152	apple.com	216
1781977082	203.165.31.152	cloudflare.com	213
1781977082	203.165.31.152	github.com	222
1781977082	203.165.31.152	google.com	215
1781977082	203.165.31.152	line.me	216
1781977082	203.165.31.152	microsoft.com	220
1781977082	203.165.31.152	yahoo.co.jp	220
1781977142	203.165.31.152	amazon.co.jp	176
1781977142	203.165.31.152	apple.com	231
1781977142	203.165.31.152	cloudflare.com	224
1781977142	203.165.31.152	github.com	160
1781977142	203.165.31.152	google.com	218
1781977142	203.165.31.152	line.me	163
1781977142	203.165.31.152	microsoft.com	220
1781977142	203.165.31.152	yahoo.co.jp	158
1781977202	203.165.31.152	amazon.co.jp	214
1781977202	203.165.31.152	apple.com	220
1781977202	203.165.31.152	cloudflare.com	206
1781977202	203.165.31.152	github.com	215
1781977202	203.165.31.152	google.com	221
1781977202	203.165.31.152	line.me	220
1781977202	203.165.31.152	microsoft.com	220
1781977202	203.165.31.152	yahoo.co.jp	220
1781977262	203.165.31.152	amazon.co.jp	157
1781977262	203.165.31.152	apple.com	211
1781977262	203.165.31.152	cloudflare.com	208
1781977262	203.165.31.152	github.com	157
1781977262	203.165.31.152	google.com	221
1781977262	203.165.31.152	line.me	160
1781977262	203.165.31.152	microsoft.com	225
1781977262	203.165.31.152	yahoo.co.jp	163
1781977322	203.165.31.152	amazon.co.jp	222
1781977322	203.165.31.152	apple.com	226
1781977322	203.165.31.152	cloudflare.com	224
1781977322	203.165.31.152	github.com	222
1781977322	203.165.31.152	google.com	213
1781977322	203.165.31.152	line.me	213
1781977322	203.165.31.152	microsoft.com	223
1781977322	203.165.31.152	yahoo.co.jp	216
1781977382	203.165.31.152	amazon.co.jp	165
1781977382	203.165.31.152	apple.com	224
1781977382	203.165.31.152	cloudflare.com	219
1781977382	203.165.31.152	github.com	159
1781977382	203.165.31.152	google.com	214
1781977382	203.165.31.152	line.me	162
1781977382	203.165.31.152	microsoft.com	228
1781977382	203.165.31.152	yahoo.co.jp	158
1781977442	203.165.31.152	amazon.co.jp	226
1781977442	203.165.31.152	apple.com	219
1781977442	203.165.31.152	cloudflare.com	206
1781977442	203.165.31.152	github.com	215
1781977442	203.165.31.152	google.com	217
1781977442	203.165.31.152	line.me	213
1781977442	203.165.31.152	microsoft.com	216
1781977442	203.165.31.152	yahoo.co.jp	228
1781977502	203.165.31.152	amazon.co.jp	169
1781977502	203.165.31.152	apple.com	226
1781977502	203.165.31.152	cloudflare.com	222
1781977502	203.165.31.152	github.com	148
1781977502	203.165.31.152	google.com	214
1781977502	203.165.31.152	line.me	158
1781977502	203.165.31.152	microsoft.com	217
1781977502	203.165.31.152	yahoo.co.jp	158
1781977562	203.165.31.152	amazon.co.jp	220
1781977562	203.165.31.152	apple.com	220
1781977562	203.165.31.152	cloudflare.com	219
1781977562	203.165.31.152	github.com	210
1781977562	203.165.31.152	google.com	224
1781977562	203.165.31.152	line.me	220
1781977562	203.165.31.152	microsoft.com	215
1781977562	203.165.31.152	yahoo.co.jp	216
1781977622	203.165.31.152	amazon.co.jp	165
1781977622	203.165.31.152	apple.com	229
1781977622	203.165.31.152	cloudflare.com	220
1781977622	203.165.31.152	github.com	163
1781977622	203.165.31.152	google.com	218
1781977622	203.165.31.152	line.me	166
1781977622	203.165.31.152	microsoft.com	224
1781977622	203.165.31.152	yahoo.co.jp	174
1781977682	203.165.31.152	amazon.co.jp	211
1781977682	203.165.31.152	apple.com	239
1781977682	203.165.31.152	cloudflare.com	221
1781977682	203.165.31.152	github.com	211
1781977682	203.165.31.152	google.com	226
1781977682	203.165.31.152	line.me	214
1781977682	203.165.31.152	microsoft.com	207
1781977682	203.165.31.152	yahoo.co.jp	219
